Account Name,Primary Contact,Main Phone,Account Number,Account Rating,Address 1: Address Type,Address 1: City,Address 1: Country/Region,Address 1: County,Address 1: Fax,Address 1: Freight Terms,Address 1: Latitude,Address 1: Longitude,Address 1: Name,Address 1: Post Office Box,Address 1: Primary Contact Name,Address 1: Shipping Method,Address 1: State/Province,Address 1: Street 1,Address 1: Street 2,Address 1: Street 3,Address 1: Telephone 2,Address 1: Telephone 3,Address 1: UPS Zone,Address 1: UTC Offset,Address 1: ZIP/Postal Code,Address 2: Address Type,Address 2: City,Address 2: Country/Region,Address 2: County,Address 2: Fax,Address 2: Freight Terms,Address 2: Latitude,Address 2: Longitude,Address 2: Name,Address 2: Post Office Box,Address 2: Primary Contact Name,Address 2: Shipping Method,Address 2: State/Province,Address 2: Street 1,Address 2: Street 2,Address 2: Street 3,Address 2: Telephone 1,Address 2: Telephone 2,Address 2: Telephone 3,Address 2: UPS Zone,Address 2: UTC Offset,Address 2: ZIP/Postal Code,Address Phone,Aging 30,Aging 60,Aging 90,Annual Revenue,Business Type,Category,Classification,Created By,Created On,Credit Hold,Credit Limit,Customer Size,Description,Do not allow Bulk E-mails,Do not allow Bulk Mails,Do not allow E-mails,Do not allow Faxes,Do not allow Mails,Do not allow Phone Calls,E-mail,E-mail Address 2,E-mail Address 3,Fax,FTP Site,Industry,Last Date Included in Campaign,Market Capitalization,Modified By,Modified On,No. of Employees,Originating Lead,Other Phone,Owner,Ownership,Parent Account,Payment Terms,Preferred Day,Preferred Facility/Equipment,Preferred Method of Contact,Preferred Service,Preferred Time,Preferred User,Price List,Relationship Type,Send Marketing Materials,Shares Outstanding,Shipping Method,SIC Code,Status,Status Reason,Stock Exchange,Telephone 3,Territory,Territory Code,Ticker Symbol,Web Site
A Bike Store,Herbert Dorner,555-0136,ABSS4G45,,,Renton,U.S.,,,,,,,,,,TX,5009 Orange Street,,,,,,,20175,,,,,,,,,,,,,,,,,,,,,,,555-0126,,,,"$24,000,000.00 ",,Standard,,First name Last name,6/26/2007,No,,,,,,Allow,Allow,Allow,Allow,someone@example.com,,,,,Wholesale,,,First name Last name,6/26/2007,462,,,Jose Curry,Private,,Net 60,,,E-mail,,,,Wholesale,Customer,Yes,,,,Active,Active,,,Central,,,
Active Cycling,Adrian Dumitrascu,555-0135,ACTBBDC3,,,Dallas,U.S.,,,,,,,,,,TX,100 Red Oak Lane,,,,,,,20313,,,,,,,,,,,,,,,,,,,,,,,555-0149,,,,"$265,000,000.00 ",,Standard,,First name Last name,6/26/2007,No,,,,,,Allow,Do Not Allow,Allow,Allow,someone@example.com,,,,,Entertainment Retail,,,First name Last name,6/26/2007,"2,029",Adrian Dumitrascu,,Alan Jackson,Private,,Net 60,,,Any,,,,Wholesale,Prospect,Yes,,,,Active,Active,,,Eastern,,,
Advanced Bike Components,Darrius Stasevicius,555-0162,ABC28UU7,,,Santa Cruz,U.S.,,,,,,,,,,TX,4405 Balboa Court,,,,,,,95486,,,,,,,,,,,,,,,,,,,,,,,555-0171,,,,"$18,550,000.00 ",,Standard,,First name Last name,6/26/2007,No,,,,,,Allow,Allow,Allow,Allow,someone@example.com,,,,,Wholesale,,,First name Last name,6/26/2007,369,,,Jose Curry,Private,,Net 60,,,Phone,,,,Wholesale,Customer,Yes,,,,Active,Active,,,Central,,,
Affordable Sports Equipment,Paul Alcorn,555-0174,AFFSE9IK,,,Lynnwood,U.S.,,,,,,,,,,TN,7995 Edwards Ave.,,,,,,,58299,,,,,,,,,,,,,,,,,,,,,,,555-0148,,,,"$12,250,000.00 ",,Standard,,First name Last name,6/26/2007,No,,,,,,Allow,Allow,Allow,Allow,someone@example.com,,,,,Entertainment Retail,,,First name Last name,6/26/2007,269,,,Jose Curry,Private,,Net 60,,,E-mail,,,,Wholesale,Customer,Yes,,,,Active,Active,,,Central,,,
All Cycle Shop,Mike Miller,555-0145,ACSHN2S4,Default Value,,Los Angeles,U.S.,,,,,,,,,,KA,9068 Muir Road,,,,,,,20593,,,,,,,,,,,,,,,,,,,,,,,555-0161,,,,"$890,000.00 ",,Standard,,First name Last name,6/26/2007,No,,,,,,Allow,Allow,Allow,Allow,someone@example.com,,,,,Wholesale,,,First name Last name,6/26/2007,61,,,Jose Curry,Private,,Net 60,,,Any,,,,Wholesale,Customer,Yes,,,,Active,Active,,,Central,,,
Amazing sports store,Jan Stoklasa,555-0197,,Default Value,,Redmond,U.S.,,,,,,,,,,WA,3397 Rancho View Drive,,,,,,,90000,,,,,,,,,,,,,,,,,,,,,,,555-0142,,,,"$20,000,000.00 ",,Standard,,First name Last name,6/26/2007,No,,,,,,Allow,Allow,Allow,Allow,someone@example.com,,,,,Entertainment Retail,,,First name Last name,6/26/2007,410,,,Alan Jackson,,,Net 60,,,Any,,,,Wholesale,Customer,Yes,,,,Active,Active,,,Eastern,,,
Amuzing bikes,Y Wong,555-0131,,Default Value,,Redmond,U.S.,,,,,,,,,,WA,9906 Oak Grove Road,,,,,,,80803,,,,,,,,,,,,,,,,,,,,,,,555-0164,,,,"$25,575,000.00 ",,Preferred Customer,,First name Last name,6/26/2007,No,,,,,,Allow,Allow,Allow,Allow,someone@example.com,,,,,Wholesale,,,First name Last name,6/26/2007,640,,,Alan Jackson,,,Net 60,,,Any,,,,Wholesale,Customer,Yes,,,,Active,Active,,,Eastern,,,
Another Bicycle Company,Yvonne McKay,555-0127,ABCO9M32,,,Missoula,U.S.,,,,,,,,,,TX,2313 B Southampton Rd,,,,,,,58047,,,,,,,,,,,,,,,,,,,,,,,555-0137,,,,"$880,000.00 ",,Standard,,First name Last name,6/26/2007,No,,,,,,Allow,Allow,Allow,Allow,someone@example.com,,,,,Wholesale,,,First name Last name,6/26/2007,59,,,Jose Curry,Private,,Net 60,,,Phone,,,,Wholesale,Customer,Yes,,,,Active,Active,,,Central,Default Value,,
Astonishing bikes,Parul Shah,555-0135,,Default Value,,Redmond,U.S.,,,,,,,,,,WA,2137 Birchwood Dr,,,,,,,78214,,,,,,,,,,,,,,,,,,,,,,,555-0126,,,,"$1,800,000.00 ",,Preferred Customer,,First name Last name,6/26/2007,No,,,,,,Allow,Allow,Allow,Allow,someone@example.com,,,,,Wholesale,,,First name Last name,6/26/2007,81,,,Alan Jackson,,,Net 60,,,Mail,,,,Wholesale,Customer,Yes,,,,Active,Active,,,Eastern,,,
Basic Bike Company,Allison Brown,555-0116,BABCO88H,,,Phoenix,U.S.,,,,,,,,,,CA,137 Lancelot Dr,,,,,,,10032,,,,,,,,,,,,,,,,,,,,,,,555-0132,,,,"$850,000.00 ",,Standard,,First name Last name,6/26/2007,No,,,,,,Allow,Allow,Allow,Allow,someone@example.com,,,,,Wholesale,,,First name Last name,6/26/2007,59,,,Jose Curry,Private,,Net 60,,,E-mail,,,,Wholesale,Customer,Yes,,,,Active,Active,,,Central,,,
Best o' Bikes,Anna Bedecs,555-0135,BOBC3J9U,,,Daly City,U.S.,,,,,,,,,,IN,3421 Gehringer Drive,,,,,,,57457,,,,,,,,,,,,,,,,,,,,,,,555-0162,,,,"$825,000.00 ",,Standard,,First name Last name,6/26/2007,No,,,,,,Allow,Allow,Allow,Allow,someone@example.com,,,,,Wholesale,,,First name Last name,6/26/2007,54,,,Jose Curry,Private,,Net 60,,,E-mail,,,,Wholesale,Customer,Yes,,,,Active,Active,,,Central,Default Value,,
Bicycle Accessories and Kits,Laurence Varlet,555-0171,BAK8JYGF,Default Value,,Newport Beach,U.S.,,,,,,,,,,IN,4915 Pear Dr.,,,,,,,56373,,,,,,,,,,,,,,,,,,,,,,,555-0136,,,,"$745,000.00 ",,Standard,,First name Last name,6/26/2007,No,,,,,,Allow,Allow,Allow,Allow,someone@example.com,,,,,Wholesale,,,First name Last name,6/26/2007,51,,,Jose Curry,Private,,Net 60,,,Any,,,,Wholesale,Customer,Yes,,,,Active,Active,,,Central,,,
Big-Time Bike Store,Forrest Chand,555-0178,BTBS3G34,,,Lebanon,U.S.,,,,,,,,,,MA,4650 Franklin Canyon Road,,,,,,,43935,,,,,,,,,,,,,,,,,,,,,,,555-0180,,,,"$7,000,000.00 ",,Preferred Customer,,First name Last name,6/26/2007,No,,,,,,Allow,Allow,Allow,Allow,someone@example.com,,,,,Wholesale,,,First name Last name,6/26/2007,148,,,Jose Curry,Private,,Net 60,,,E-mail,,,,Wholesale,Customer,Yes,,,,Active,Active,,,Central,,,
Bike Boutique,Daniel Thompson,555-0135,BBA38GHT,,,Port Orchard,U.S.,,,,,,,,,,NC,2265 Park Glen Court,,,,,,,47349,,,,,,,,,,,,,,,,,,,,,,,555-0167,,,,"$6,000,000.00 ",,Standard,,First name Last name,6/26/2007,No,,,,,,Allow,Allow,Allow,Allow,someone@example.com,,,,,Wholesale,,,First name Last name,6/26/2007,108,,,Jose Curry,Private,,Net 60,,,Phone,,,,Wholesale,Customer,Yes,,,,Active,Active,,,Central,,,
Bike Dealers Association,John Colon,555-0197,BDAS3HF8,,,Bellingham,U.S.,,,,,,,,,,IL,6283 San Marino Ct.,,,,,,,80437,,,,,,,,,,,,,,,,,,,,,,,555-0141,,,,"$20,000,000.00 ",,Standard,,First name Last name,6/26/2007,No,,,,,,Allow,Allow,Allow,Allow,someone@example.com,,,,,Wholesale,,,First name Last name,6/26/2007,399,,,Jose Curry,Private,,Net 60,,,E-mail,,,,Wholesale,Customer,Yes,,,,Active,Active,,,Central,,,
Bike Experts,Monika Buschman,555-0129,BE3HUH8D,Default Value,,West Covina,U.S.,,,,,,,,,,TX,2472 Alexander Place,,,,,,,95626,,,,,,,,,,,,,,,,,,,,,,,555-0157,,,,"$5,500,000.00 ",,Standard,,First name Last name,6/26/2007,No,,,,,,Allow,Allow,Allow,Allow,someone@example.com,,,,,Wholesale,,,First name Last name,6/26/2007,101,,,Jose Curry,Private,,Net 60,,,E-mail,,,,Wholesale,Customer,Yes,,,,Active,Active,,,Central,,,
Bike Products and Accessories,Diego Arteag Torreira,555-0134,BPAX0Z9M,,,Mill Valley,U.S.,,,,,,,,,,CA,9830 May Way,,,,,,,20313,,,,,,,,,,,,,,,,,,,,,,,555-0179,,,,"$3,200,000.00 ",,Standard,,First name Last name,6/26/2007,No,,,,,,Allow,Allow,Allow,Allow,someone@example.com,,,,,Wholesale,,,First name Last name,6/26/2007,93,,,Jose Curry,Private,,Net 60,,,Any,,,,Wholesale,Customer,Yes,,,,Active,Active,,,Central,,,
Bike Universe,Ingrid Burkhardt,555-0158,BIK6FC6E,,,Round Rock,U.S.,,,,,,,,,,TX,56789 Bright Road,,,,,,,98928,,,,,,,,,,,,,,,,,,,,,,,555-0125,,,,"$300,000,000.00 ",,Standard,,First name Last name,6/26/2007,No,,,,,,Allow,Allow,Allow,Allow,someone@example.com,,,,,Wholesale,,,First name Last name,6/26/2007,"2,068",Ingrid Burkhardt,,Gail Erickson,Private,,Net 60,,,E-mail,,,,Wholesale,Prospect,Yes,,,,Active,Active,,,Western,,,
Bike-o-maniac store,Marie Reinhart,555-0165,,,,Seattle,U.S.,,,,,,,,,,WA,1398 Yorba Linda,,,,,,,85058,,,,,,,,,,,,,,,,,,,,,,,555-0167,,,,"$2,500,000.00 ",,Standard,,First name Last name,6/26/2007,No,,,,,,Allow,Allow,Allow,Allow,someone@example.com,,,,,Wholesale,,,First name Last name,6/26/2007,84,,,Gail Erickson,,,Net 60,,,Mail,,,,Wholesale,Customer,Yes,,,,Active,Active,,,Western,,,
Bikes unlimited,Stefan Hesse,555-0133,,,,Seattle,U.S.,,,,,,,,,,WA,8290 Margaret Ct.,,,,,,,89764,,,,,,,,,,,,,,,,,,,,,,,555-0179,,,,"$1,800,000.00 ",,Preferred Customer,,First name Last name,6/26/2007,No,,,,,,Allow,Allow,Allow,Allow,someone@example.com,,,,,Wholesale,,,First name Last name,6/26/2007,79,,,Gail Erickson,,,Net 60,,,Any,,,,Wholesale,Customer,Yes,,,,Active,Active,,,Western,Default Value,,
Black Sports Goods,Sven Freitag,555-0140,,Default Value,,Miami,U.S.,,,,,,,,,,FL,825 Coral Way,,,,,,,33155,,,,,,,,,,,,,,,,,,,,,,,555-0135,,,,"$179,000,000.00 ",,Standard,,First name Last name,6/26/2007,No,,,,,,Allow,Allow,Allow,Allow,someone@example.com,,,,,Entertainment Retail,,,First name Last name,6/26/2007,"1,829",,,Alan Jackson,,,Net 60,,,Any,,,,Wholesale,Customer,Yes,,,,Active,Active,,,Eastern,,,
Blue Bicycle Company,Janeth Esteves,555-0164,BLBCO9C8,,,Lake Oswego,U.S.,,,,,,,,,,FL,1286 Cincerto Circle,,,,,,,53502,,,,,,,,,,,,,,,,,,,,,,,555-0158,,,,"$2,900,000.00 ",,Standard,,First name Last name,6/26/2007,No,,,,,,Allow,Allow,Allow,Allow,someone@example.com,,,,,Wholesale,,,First name Last name,6/26/2007,92,,,Jose Curry,Private,,Net 60,,,Any,,,,Wholesale,Customer,Yes,,,,Active,Active,,,Central,,,
Bold Bike Accessories,Oscar Alpuerto,555-0168,BOLE735E,,,Topeka,U.S.,,,,,,,,,,KA,1234 Canyon Road,Ste. 312,,,,,,20593,,,,,,,,,,,,,,,,,,,,,,,555-0147,,,,"$42,000,000.00 ",,Standard,,First name Last name,6/26/2007,No,,,,,,Allow,Allow,Allow,Allow,someone@example.com,,,,,Wholesale,,,First name Last name,6/26/2007,950,Oscar Alpuerto,,Jose Curry,Private,,Net 60,,,Any,,,,Wholesale,Prospect,Yes,,,,Active,Active,,,Central,,,
Breathtaking sports goods,Karan Khanna,555-0172,,,,Redmond,U.S.,,,,,,,,,,WA,1275 West Street,,,,,,,93479,,,,,,,,,,,,,,,,,,,,,,,555-0197,,,,"$2,500,000.00 ",,Standard,,First name Last name,6/26/2007,No,,,,,,Allow,Allow,Allow,Allow,someone@example.com,,,,,Entertainment Retail,,,First name Last name,6/26/2007,82,,,Alan Jackson,,,Net 60,,,Phone,,,,Wholesale,Customer,Yes,,,,Active,Active,,,Eastern,,,
Brown Bicycle Company,Tosh Meston,555-0172,BRWNCO87,,,Downey,U.S.,,,,,,,,,,NM,2141 Del Monte Ct.,,,,,,,20940,,,,,,,,,,,,,,,,,,,,,,,555-0140,,,,"$2,500,000.00 ",,Standard,,First name Last name,6/26/2007,No,,,,,,Allow,Allow,Allow,Allow,someone@example.com,,,,,Wholesale,,,First name Last name,6/26/2007,82,,,Jose Curry,Private,,Net 60,,,E-mail,,,,Wholesale,Customer,Yes,,,,Active,Active,,,Central,,,
Cash and Carry Bikes,Dorothy Fox,555-0142,CAS68B76,,,Dallas,U.S.,,,,,,,,,,TX,500 Oak Street,,,,,,,95486,,,,,,,,,,,,,,,,,,,,,,,555-0153,,,,"$500,000,000.00 ",,Standard,,First name Last name,6/26/2007,No,,,,,,Allow,Allow,Allow,Allow,someone@example.com,,,,,Wholesale,,,First name Last name,6/26/2007,"5,147",Dorothy Fox,,Jose Curry,Private,,Net 60,,,Phone,,,,Wholesale,Prospect,Yes,,,,Active,Active,,,Central,,,
Certified Bicycle Supply,Terry Adams,555-0135,CERBS3J4,,,West Covina,U.S.,,,,,,,,,,IN,218 Fall Creek Road,,,,,,,66496,,,,,,,,,,,,,,,,,,,,,,,555-0168,,,,"$1,800,000.00 ",,Standard,,First name Last name,6/26/2007,No,,,,,,Allow,Allow,Allow,Allow,someone@example.com,,,,,Wholesale,,,First name Last name,6/26/2007,77,,,Jose Curry,Private,,Net 60,,,Phone,,,,Wholesale,Customer,Yes,,,,Active,Active,,,Central,,,
Cheap n Best bikes,Darren Parker,555-0174,,,,Redmond,U.S.,,,,,,,,,,WA,8000 Kiska Court,,,,,,,34855,,,,,,,,,,,,,,,,,,,,,,,555-0121,,,,"$12,250,000.00 ",,Standard,,First name Last name,6/26/2007,No,,,,,,Allow,Allow,Allow,Allow,someone@example.com,,,,,Wholesale,,,First name Last name,6/26/2007,257,,,Alan Jackson,,,Net 60,,,Mail,,,,Wholesale,Customer,Yes,,,,Active,Active,,,Eastern,,,
Coalition Bike Company,Madeleine Kelly,555-1010,COABC22W,Default Value,,Corvallis,U.S.,,,,,,,,,,WA,5807 Churchill Dr.,,,,,,,20939,,,,,,,,,,,,,,,,,,,,,,,555-0135,,,,"$1,250,000.00 ",,Standard,,First name Last name,6/26/2007,No,,,,,,Allow,Allow,Allow,Allow,someone@example.com,,,,,Wholesale,,,First name Last name,6/26/2007,72,,,Jose Curry,Private,,Net 60,,,E-mail,,,,Wholesale,Customer,Yes,,,,Active,Active,,,Central,,,
Convenient Bike Shop,Vong William,555-0199,CONBS0L8,,,Everett,U.S.,,,,,,,,,,TX,6061 St. Paul Way,,,,,,,98928,,,,,,,,,,,,,,,,,,,,,,,555-0175,,,,"$950,000.00 ",,Standard,,First name Last name,6/26/2007,No,,,,,,Allow,Allow,Allow,Allow,someone@example.com,,,,,Wholesale,,,First name Last name,6/26/2007,68,,,Jose Curry,Private,,Net 60,,,Any,,,,Wholesale,Customer,Yes,,,,Active,Active,,,Central,,,
Cool Ride Store,Rajesh Patel,555-0135,,,,Seattle,U.S.,,,,,,,,,,WA,874 Olivera Road,,,,,,,54848,,,,,,,,,,,,,,,,,,,,,,,555-0157,,,,"$3,200,000.00 ",,Standard,,First name Last name,6/26/2007,No,,,,,,Allow,Allow,Allow,Allow,someone@example.com,,,,,Wholesale,,,First name Last name,6/26/2007,95,,,Gail Erickson,,,Net 60,,,Phone,,,,Wholesale,Customer,Yes,,,,Active,Active,,,Western,,,
Curbside Sporting Goods,Cindy Dodd,555-0135,CSG01TR7,,,Altadena,U.S.,,,,,,,,,,TN,4659 Montoya,,,,,,,58364,,,,,,,,,,,,,,,,,,,,,,,555-0135,,,,"$9,400,000.00 ",,Standard,,First name Last name,6/26/2007,No,,,,,,Allow,Allow,Allow,Allow,someone@example.com,,,,,Entertainment Retail,,,First name Last name,6/26/2007,199,,,Jose Curry,Private,,Net 60,,,Phone,,,,Wholesale,Customer,Yes,,,,Active,Active,,,Central,,,
Cycles and Scooters,Peggy Justice,555-0168,CNS01DF3,,,West Covina,U.S.,,,,,,,,,,TX,1667 Warren Street,,,,,,,96424,,,,,,,,,,,,,,,,,,,,,,,555-0168,,,,"$8,450,000.00 ",,Standard,,First name Last name,6/26/2007,No,,,,,,Allow,Allow,Allow,Allow,someone@example.com,,,,,Wholesale,,,First name Last name,6/26/2007,196,,,Jose Curry,Private,,Net 60,,,E-mail,,,,Wholesale,Customer,Yes,,,,Active,Active,,,Central,,,
Daring Rides,Teresa Atkinson,555-0140,DARR1947,,,Torrance,U.S.,,,,,,,,,,KY,7179 Montana,,,,,,,62964,,,,,,,,,,,,,,,,,,,,,,,555-0142,,,,"$10,500,000.00 ",,Standard,,First name Last name,6/26/2007,No,,,,,,Allow,Allow,Allow,Allow,someone@example.com,,,,,Entertainment Retail,,,First name Last name,6/26/2007,253,,,Jose Curry,Private,,Net 60,,,Any,,,,Wholesale,Customer,Yes,,,,Active,Active,,,Central,Default Value,,
Designer Bikes,Cesar Garcia,555-0135,,,,Redmond,U.S.,,,,,,,,,,WA,3066 Wallace Dr.,,,,,,,78508,,,,,,,,,,,,,,,,,,,,,,,555-0129,,,,"$30,000,000.00 ",,Preferred Customer,,First name Last name,6/26/2007,No,,,,,,Allow,Allow,Allow,Allow,someone@example.com,,,,,Wholesale,,,First name Last name,6/26/2007,879,,,Alan Jackson,,,Net 60,,,Any,,,,Wholesale,Customer,Yes,,,,Active,Active,,,Eastern,,,
Discount Bicycle Specialists,Connie Coffman,555-0156,DIS0F91C,,,Fort Worth,U.S.,,,,,,,,,,TX,89 Armadillo Road,,,,,,,96424,,,,,,,,,,,,,,,,,,,,,,,555-0135,,,,"$1,600,000,000.00 ",,Standard,,First name Last name,6/26/2007,No,,,,,,Allow,Allow,Allow,Allow,someone@example.com,,,,,Wholesale,,,First name Last name,6/26/2007,"8,023",Connie Coffman,,Jose Curry,Private,,Net 60,,,Phone,,,,Wholesale,Prospect,Yes,,,,Inactive,Inactive,,,Central,,,
Distinctive Cycles Sales and Service,Scott Cooper,555-0158,DCSS43GR,,,Burbank,U.S.,,,,,,,,,,TX,2912 Guadalupe,,,,,,,20935,,,,,,,,,,,,,,,,,,,,,,,555-0156,,,,"$10,470,000.00 ",,Preferred Customer,,First name Last name,6/26/2007,No,,,,,,Allow,Allow,Allow,Allow,someone@example.com,,,,,Wholesale,,,First name Last name,6/26/2007,247,,,Jose Curry,Private,,Net 60,,,Any,,,,Wholesale,Customer,Yes,,,,Active,Active,,,Central,,,
Diving Bikes,Terry Earls,555-0135,,,,Everett,U.S.,,,,,,,,,,WA,475 Santa Maria,,,,,,,49192,,,,,,,,,,,,,,,,,,,,,,,555-0133,,,,"$300,000.00 ",,Standard,,First name Last name,6/26/2007,No,,,,,,Allow,Allow,Allow,Allow,someone@example.com,,,,,Entertainment Retail,,,First name Last name,6/26/2007,8,,,Alan Jackson,,,Net 60,,,Mail,,,,Wholesale,Customer,Yes,,,,Active,Active,,,Eastern,,,
Economy Bikes Company,Chris Meyer,555-0165,EBC8HU74,,,Portland,U.S.,,,,,,,,,,FL,4701 Mt. Dell Drive,,,,,,,43379,,,,,,,,,,,,,,,,,,,,,,,555-0131,,,,"$650,000.00 ",,Preferred Customer,,First name Last name,6/26/2007,No,,,,,,Allow,Allow,Allow,Allow,someone@example.com,,,,,Wholesale,,,First name Last name,6/26/2007,49,,,Jose Curry,Private,,Net 60,,,Any,,,,Wholesale,Customer,Yes,,,,Active,Active,,,Central,,,
Elemental Sporting Goods,Ray Chow,555-0133,ELSGJ9J8,,,Los Angeles,U.S.,,,,,,,,,,TX,7651 Smike Tree Court,,,,,,,95486,,,,,,,,,,,,,,,,,,,,,,,555-0174,,,,"$500,000.00 ",,Preferred Customer,,First name Last name,6/26/2007,No,,,,,,Allow,Allow,Allow,Allow,someone@example.com,,,,,Entertainment Retail,,,First name Last name,6/26/2007,47,,,Jose Curry,Private,,Net 60,,,E-mail,,,,Wholesale,Customer,Yes,,,,Active,Active,,,Central,,,
Eleventh Bike Store,Willis Johnson,555-0128,EBS3HF79,,,Lynnwood,U.S.,,,,,,,,,,MA,8850 Via Del Sol,,,,,,,22308,,,,,,,,,,,,,,,,,,,,,,,555-0130,,,,"$470,000.00 ",,Preferred Customer,,First name Last name,6/26/2007,No,,,,,,Allow,Allow,Allow,Allow,someone@example.com,,,,,Wholesale,,,First name Last name,6/26/2007,41,,,Jose Curry,Private,,Net 60,,,E-mail,,,,Wholesale,Customer,Yes,,,,Active,Active,,,Central,,,
Ever lasting bikes,Eva Corets,555-0134,,,,Redmond,U.S.,,,,,,,,,,WA,7297 Rosalinda,,,,,,,96741,,,,,,,,,,,,,,,,,,,,,,,555-0196,,,,"$3,200,000.00 ",,Preferred Customer,,First name Last name,6/26/2007,No,,,,,,Allow,Allow,Allow,Allow,someone@example.com,,,,,Wholesale,,,First name Last name,6/26/2007,96,,,Alan Jackson,,,Net 60,,,Any,,,,Wholesale,Customer,Yes,,,,Active,Active,,,Eastern,,,
Ever winning bikes,Bruno Denuit,555-0129,,,,Redmond,U.S.,,,,,,,,,,WA,4909 Poco Lane,,,,,,,48400,,,,,,,,,,,,,,,,,,,,,,,555-0168,,,,"$5,500,000.00 ",,Standard,,First name Last name,6/26/2007,No,,,,,,Allow,Allow,Allow,Allow,someone@example.com,,,,,Entertainment Retail,,,First name Last name,6/26/2007,102,,,Alan Jackson,,,Net 60,,,Phone,,,,Wholesale,Customer,Yes,,,,Active,Active,,,Eastern,,,
Exemplary Cycles,Cathan Cook,555-0198,EXEC324H,,,Dallas,U.S.,,,,,,,,,,TN,9491 Toyon Dr,,,,,,,58299,,,,,,,,,,,,,,,,,,,,,,,555-0135,,,,"$310,000.00 ",,Preferred Customer,,First name Last name,6/26/2007,No,,,,,,Allow,Allow,Allow,Allow,someone@example.com,,,,,Wholesale,,,First name Last name,6/26/2007,39,,,Jose Curry,Private,,Net 60,,,Any,,,,,Customer,Yes,,,,Active,Active,,,Central,Default Value,,
Extras Sporting Goods,Iben Thorell,555-0113,EXSG7364,,,Atlanta,U.S.,,,,,,,,,,TX,4151 Olivera,,,,,,,96424,,,,,,,,,,,,,,,,,,,,,,,555-0163,,,,"$290,000.00 ",,Preferred Customer,,First name Last name,6/26/2007,No,,,,,,Allow,Allow,Allow,Allow,someone@example.com,,,,,Entertainment Retail,,,First name Last name,6/26/2007,38,,,Jose Curry,Private,,Net 60,,,E-mail,,,,,Customer,Yes,,,,Active,Active,,,Central,,,
Fantastic bikes,Tom Youtsey,555-0136,,,,Redmond,U.S.,,,,,,,,,,WA,2383 Pepper Drive,,,,,,,51181,,,,,,,,,,,,,,,,,,,,,,,555-0172,,,,"$24,500,000.00 ",,Standard,,First name Last name,6/26/2007,No,,,,,,Allow,Allow,Allow,Allow,someone@example.com,,,,,Wholesale,,,First name Last name,6/26/2007,468,,,Alan Jackson,,,Net 60,,,Any,,,,Wholesale,Customer,Yes,,,,Active,Active,,,Eastern,,,
Fast and Fun Bikes,David Simpson,555-0185,,Default Value,,Edmonds,U.S.,,,,,,,,,,WA,2466 Clearland Circle,,,,,,,74484,,,,,,,,,,,,,,,,,,,,,,,555-0161,,,,"$745,000.00 ",,Standard,,First name Last name,6/26/2007,No,,,,,,Allow,Allow,Allow,Allow,someone@example.com,,,,,Wholesale,,,First name Last name,6/26/2007,52,,,Gail Erickson,,,Net 60,,,Mail,,,,Wholesale,Customer,Yes,,,,Active,Active,,,Western,,,
Fifth Bike Store,Karren Burkhardt,555-0140,FIF69650,,,Indianapolis,U.S.,,,,,,,,,,IN,2332 Flower Street,,,,,,,66496,,,,,,,,,,,,,,,,,,,,,,,555-0103,,,,"$1,100,000,000.00 ",,Standard,,First name Last name,6/26/2007,No,,,,,,Allow,Allow,Allow,Allow,someone@example.com,,,,,Wholesale,,,First name Last name,6/26/2007,"6,800",Karren Burkhardt,,Gail Erickson,Private,,Net 60,,,E-mail,,,,Wholesale,Prospect,Yes,,,,Active,Active,,,Western,Default Value,,
Finished sports goods,Sunil Koduri,555-0198,,,,Seattle,U.S.,,,,,,,,,,WA,6498 Minert Rd.,,,,,,,48229,,,,,,,,,,,,,,,,,,,,,,,555-0168,,,,"$950,000.00 ",,Preferred Customer,,First name Last name,6/26/2007,No,,,,,,Allow,Allow,Allow,Allow,someone@example.com,,,,,Entertainment Retail,,,First name Last name,6/26/2007,69,,,Gail Erickson,,,Net 60,,,Phone,,,,Wholesale,Customer,Yes,,,,Active,Active,,,Western,,,
Flying wheels,Jake Zukowski,555-0165,,,,,,,,,,,,,,,,,,,,,,,,,,,,,,,,,,,,,,,,,,,,,,,,,,"$650,000.00 ",,Standard,,First name Last name,6/26/2007,No,,,,,,Allow,Allow,Allow,Allow,someone@example.com,,,,,Entertainment Retail,,,First name Last name,6/26/2007,48,,,Alan Jackson,,,Net 60,,,Phone,,,,Wholesale,Customer,Yes,,,,Active,Active,,,Eastern,,,
Friendly Neighborhood Bikes,Sten Faerch,555-0156,FRI9941F,,,Heath,U.S.,,,,,,,,,,OH,345 67th SE,,,,,,,63302,,,,,,,,,,,,,,,,,,,,,,,555-0155,,,,"$1,650,000,000.00 ",,Preferred Customer,,First name Last name,6/26/2007,No,,,,,,Allow,Allow,Allow,Allow,someone@example.com,,,,,Wholesale,,,First name Last name,6/26/2007,"8,100",R. Morgan Mendoza,,Alan Jackson,Private,,Net 60,,,Any,,,,Wholesale,Prospect,Yes,,,,Active,Active,,,Eastern,Default Value,,
Front Sporting Goods,M. E. Joseph Lique,555-0180,FROCD6EA,,,Memphis,U.S.,,,,,,,,,,TN,1 East Walnut St.,Suite 200,,,,,,58364,,,,,,,,,,,,,,,,,,,,,,,555-0177,,,,"$1,430,000,000.00 ",,Standard,,First name Last name,6/26/2007,No,,,,,,Allow,Allow,Allow,Allow,someone@example.com,,,,,Entertainment Retail,,,First name Last name,6/26/2007,"7,953",M. E. Joseph Lique,,Jose Curry,Private,,Net 60,,,E-mail,,,,Wholesale,Customer,Yes,,,,Active,Active,,,Central,Default Value,,
Full-Service Bike Store,Nicky Chesnut,555-0170,FULA5EA4,,,Winston-Salem,U.S.,,,,,,,,,,NC,890123 54th St. S,,,,,,,47349,,,,,,,,,,,,,,,,,,,,,,,555-0121,,,,"$1,000,000,000.00 ",,Standard,,First name Last name,6/26/2007,No,,,,,,Allow,Do Not Allow,Allow,Allow,someone@example.com,,,,,Wholesale,,,First name Last name,6/26/2007,"6,800",Nicky Chesnut,,Jose Curry,Private,,Net 60,,,Phone,,,,Wholesale,Prospect,Yes,,,,Active,Active,,,Central,,,
Fun Toys and Bikes,Richard Tupy,555-0168,FUN86F78,Default Value,,Norwood,U.S.,,,,,,,,,,MA,1234 8th St. SW,,,,,,,22308,,,,,,,,,,,,,,,,,,,,,,,555-0119,,,,"$45,500,000.00 ",,Standard,,First name Last name,6/26/2007,No,,,,,,Do Not Allow,Allow,Allow,Allow,someone@example.com,,,,,Entertainment Retail,,,First name Last name,6/26/2007,930,Robert Ahlering,,Alan Jackson,Private,,Net 60,,,Any,,,,Wholesale,Prospect,Yes,,,,Active,Active,,,Eastern,,,
Grand Cycle Store,Sharon Crow,555-0138,GRA1B534,,,Houston,U.S.,,,,,,,,,,TX,FOOTHILLS MALL,,,,,,,58047,,,,,,,,,,,,,,,,,,,,,,,555-0194,,,,"$300,000,000.00 ",,Standard,,First name Last name,6/26/2007,No,,,,,,Allow,Do Not Allow,Allow,Allow,someone@example.com,,,,,Wholesale,,,First name Last name,6/26/2007,"2,068",Sharon Crow,,Jose Curry,Private,,Net 60,,,Phone,,,,Wholesale,Prospect,Yes,,,,Active,Active,,,Central,,,
Great Bicycle Supply,Ranjit Varkey Chudukatil,555-0160,GRE979BF,,,Kent,U.S.,,,,,,,,,,WA,3456 SE 272ND ST,,,,,,,20939,,,,,,,,,,,,,,,,,,,,,,,555-0120,,,,"$620,000,000.00 ",,Standard,,First name Last name,6/26/2007,No,,,,,,Allow,Allow,Allow,Allow,someone@example.com,,,,,Wholesale,,,First name Last name,6/26/2007,"6,256",Ranjit Varkey Chudukatil,,Jose Curry,Private,,Net 60,,,Any,,,,Wholesale,Prospect,Yes,,,,Active,Active,,,Central,,,
Great Bikes,Michael Allen,555-0124,GB234F4R,Default Value,,Torrance,U.S.,,,,,,,,,,OH,3475 Chablis Court,,,,,,,63302,,,,,,,,,,,,,,,,,,,,,,,555-0173,,,,"$200,000.00 ",,Preferred Customer,,First name Last name,6/26/2007,No,,,,,,Allow,Allow,Allow,Allow,someone@example.com,,,,,Wholesale,,,First name Last name,6/26/2007,36,,,Jose Curry,Private,,Net 60,,,Phone,,,,,Customer,Yes,,,,Active,Active,,,Central,,,
Imported Sports Store,Chris Ashton,555-0113,,,,Seattle,U.S.,,,,,,,,,,WA,2354 Frayne Ln.,,,,,,,27962,,,,,,,,,,,,,,,,,,,,,,,555-0144,,,,"$890,000.00 ",,Preferred Customer,,First name Last name,6/26/2007,No,,,,,,Allow,Allow,Allow,Allow,someone@example.com,,,,,Entertainment Retail,,,First name Last name,6/26/2007,65,,,Gail Erickson,,,Net 60,,,Any,,,,Wholesale,Customer,Yes,,,,Active,Active,,,Western,,,
Latest sports bikes,Hanying Feng,555-0135,,,,Redmond,U.S.,,,,,,,,,,WA,9863 Ridge Place,,,,,,,47425,,,,,,,,,,,,,,,,,,,,,,,555-0156,,,,"$6,000,000.00 ",,Standard,,First name Last name,6/26/2007,No,,,,,,Allow,Allow,Allow,Allow,someone@example.com,,,,,Entertainment Retail,,,First name Last name,6/26/2007,109,,,Alan Jackson,,,Net 60,,,Mail,,,,Wholesale,Customer,Yes,,,,Active,Active,,,Eastern,,,
Latest Sports Equipment,Jesper Aaberg,555-0135,LSE56Y6Y,,,Long Beach,U.S.,,,,,,,,,,TX,8202 Lyon Circle,,,,,,,97300,,,,,,,,,,,,,,,,,,,,,,,555-0135,,,,"$275,000.00 ",,Preferred Customer,,First name Last name,6/26/2007,No,,,,,,Allow,Allow,Allow,Allow,someone@example.com,,,,,Entertainment Retail,,,First name Last name,6/26/2007,29,,,Jose Curry,Private,,Net 60,,,E-mail,,,,,Customer,Yes,,,,Active,Active,,,Central,,,
Leading Bike Distributors,Hannah Arakawa,555-0176,LEA44BCB,,,Daleville,U.S.,,,,,,,,,,IN,Praire Mall Center,,,,,,,57457,,,,,,,,,,,,,,,,,,,,,,,555-0102,,,,"$750,000,000.00 ",,Standard,,First name Last name,6/26/2007,No,,,,,,Allow,Allow,Allow,Allow,someone@example.com,,,,,Wholesale,,,First name Last name,6/26/2007,"5,275",Hannah Arakawa,,Jose Curry,Private,,Net 60,,,Any,,,,Wholesale,Prospect,Yes,,,,Active,Active,,,Central,Default Value,,
Lease-a-Bike Shop,Maria Hammond,555-0131,IUSGDFS3,Default Value,,Bothell,U.S.,,,,,,,,,,WA,3997 Via De Luna,,,,,,,66150,,,,,,,,,,,,,,,,,,,,,,,555-0135,,,,"$30,000,000.00 ",,Standard,,First name Last name,6/26/2007,No,,,,,,Allow,Allow,Allow,Allow,someone@example.com,,,,,Wholesale,,,First name Last name,6/26/2007,883,,,Gail Erickson,Private,,Net 60,,,Any,,,,Wholesale,Customer,Yes,,,,Active,Active,,,Western,Default Value,,
Life-Style bikes,Nino Olivotto,555-0158,,,,Redmond,U.S.,,,,,,,,,,WA,2427 Notre Dame Ave.,,,,,,,64660,,,,,,,,,,,,,,,,,,,,,,,555-0135,,,,"$10,470,000.00 ",,Preferred Customer,,First name Last name,6/26/2007,No,,,,,,Allow,Allow,Allow,Allow,someone@example.com,,,,,Entertainment Retail,,,First name Last name,6/26/2007,244,,,Alan Jackson,,,Net 60,,,Any,,,,Wholesale,Customer,Yes,,,,Active,Active,,,Eastern,,,
Little Bicycle Supply Shop,David Jones,555-0136,WAFAFDS,,,Bothell,U.S.,,,,,,,,,,WA,250 Geary Ct.,,,,,,,81339,,,,,,,,,,,,,,,,,,,,,,,555-0128,,,,"$28,000,000.00 ",,Standard,,First name Last name,6/26/2007,No,,,,,,Allow,Allow,Allow,Allow,someone@example.com,,,,,Wholesale,,,First name Last name,6/26/2007,734,,,Gail Erickson,Private,,Net 60,,,Phone,,,,Wholesale,Customer,Yes,,,,Active,Active,,,Western,,,
Litware Inc.,Bill Malone,555-0180,VAL6C186,,,Houston,U.S.,,,,,,,,,,TX,990 Mountain Hill Blvd,,,,,,,97300,,,,,,,,,,,,,,,,,,,,,,,555-0117,,,,"$1,460,000,000.00 ",,Preferred Customer,,First name Last name,6/26/2007,No,,,,,,Allow,Allow,Allow,Allow,someone@example.com,,,,,Wholesale,,,First name Last name,6/26/2007,"7,789",Jay Adams,,Alan Jackson,Private,,Net 60,,,Any,,,,Wholesale,Prospect,Yes,,,,Active,Active,,,Eastern,,,
Lots of Bikes Storehouse,Alan Brewer,555-0135,LOT31AB8,,,Campbellsville,U.S.,,,,,,,,,,KY,123 N. America Ave,,,,,,,62964,,,,,,,,,,,,,,,,,,,,,,,555-0159,,,,"$255,000,000.00 ",,Standard,,First name Last name,6/26/2007,No,,,,,,Allow,Allow,Allow,Allow,someone@example.com,,,,,Wholesale,,,First name Last name,6/26/2007,"2,020",Alan Brewer,,Jose Curry,Private,,Net 60,,,E-mail,,,,Wholesale,Prospect,Yes,,,,Active,Active,,,Central,,,
Magnificent bikes store,Wei Yu,555-0164,,,,Redmond,U.S.,,,,,,,,,,WA,7723 Firestone Drive,,,,,,,32147,,,,,,,,,,,,,,,,,,,,,,,555-0135,,,,"$2,900,000.00 ",,Preferred Customer,,First name Last name,6/26/2007,No,,,,,,Allow,Allow,Allow,Allow,someone@example.com,,,,,Wholesale,,,First name Last name,6/26/2007,95,,,Alan Jackson,,,Net 60,,,Any,,,,Wholesale,Customer,Yes,,,,Active,Active,,,Eastern,,,
Maintenance and Repair for Bicycles,Alex Hankin,555-0174,NKLVHID9,Default Value,,Monroe,U.S.,,,,,,,,,,WA,3841 Silver Oaks Place,,,,,,,11949,,,,,,,,,,,,,,,,,,,,,,,555-0153,,,,"$24,500,000.00 ",,Preferred Customer,,First name Last name,6/26/2007,No,,,,,,Allow,Allow,Allow,Allow,someone@example.com,,,,,Wholesale,,,First name Last name,6/26/2007,470,,,Gail Erickson,Private,,Net 60,,,Phone,,,,Wholesale,Customer,Yes,,,,Active,Active,,,Western,,,
Major Sport Suppliers,Michael Ruggiero,555-0162,ASIOBBR3,,,Snohomish,U.S.,,,,,,,,,,WA,1285 Greenbrier Street,,,,,,,72406,,,,,,,,,,,,,,,,,,,,,,,555-0119,,,,"$25,575,000.00 ",,Preferred Customer,,First name Last name,6/26/2007,No,,,,,,Allow,Allow,Allow,Allow,someone@example.com,,,,,Entertainment Retail,,,First name Last name,6/26/2007,639,,,Gail Erickson,Private,,Net 60,,,Any,,,,Wholesale,Customer,Yes,,,,Active,Active,,,Western,,,
Major Sport Suppliers 2,Paul Alcorn,555-0170,MAJ235A8,,,Chicago,U.S.,,,,,,,,,,IL,100 72nd Plaza Drive,Ste. 123,,,,,,80849,,,,,,,,,,,,,,,,,,,,,,,555-0107,,,,"$400,000,000.00 ",,Preferred Customer,,First name Last name,6/26/2007,No,,,,,,Allow,Do Not Allow,Allow,Allow,someone@example.com,,,,,Entertainment Retail,,,First name Last name,6/26/2007,"3,176",Paul Alcorn,,Gail Erickson,Private,,Net 60,,,Any,,,,Wholesale,Prospect,Yes,,,,Active,Active,,,Western,,,
Major Sporting Goods,Anna Bedecs,555-0168,POF654Y3,,,Duvall,U.S.,,,,,,,,,,WA,1825 Corte Del Prado,,,,,,,15462,,,,,,,,,,,,,,,,,,,,,,,555-0102,,,,"$12,250,000.00 ",,Standard,,First name Last name,6/26/2007,No,,,,,,Allow,Allow,Allow,Allow,someone@example.com,,,,,Entertainment Retail,,,First name Last name,6/26/2007,279,,,Gail Erickson,Private,,Net 60,,,Phone,,,,Wholesale,Customer,Yes,,,,Active,Active,,,Western,,,
Many Bikes Store,Tommy Hartono,555-0140,7FHKED87,Default Value,,Duvall,U.S.,,,,,,,,,,WA,5086 Nottingham Place,,,,,,,16982,,,,,,,,,,,,,,,,,,,,,,,555-0118,,,,"$9,000,000.00 ",,Standard,,First name Last name,6/26/2007,No,,,,,,Allow,Allow,Allow,Allow,someone@example.com,,,,,Wholesale,,,First name Last name,6/26/2007,200,,,Gail Erickson,Private,,Net 60,,,Mail,,,,Wholesale,Customer,Yes,,,,Active,Active,,,Western,,,
Margie's Travel,Marian Berch,555-0178,PRO7A099,Default Value,,Bell Gardens,U.S.,,,,,,,,,,CA,123 Eastern Ave.,,,,,,,10032,,,,,,,,,,,,,,,,,,,,,,,555-0108,,,,"$670,000,000.00 ",,Preferred Customer,,First name Last name,6/26/2007,No,,,,,,Do Not Allow,Allow,Do Not Allow,Allow,someone@example.com,,,,,Entertainment Retail,,,First name Last name,6/26/2007,"6,298",Marian Berch,,Gail Erickson,Private,,Net 60,,,E-mail,,,,Wholesale,Prospect,Yes,,,,Active,Active,,,Western,,,
Metro Bike Works,Mike Ray,555-0158,GFHS4538,,,Carnation,U.S.,,,,,,,,,,WA,390 Ridgewood Ct.,,,,,,,16105,,,,,,,,,,,,,,,,,,,,,,,555-0154,,,,"$8,500,000.00 ",,Preferred Customer,,First name Last name,6/26/2007,No,,,,,,Allow,Allow,Allow,Allow,someone@example.com,,,,,Wholesale,,,First name Last name,6/26/2007,198,,,Gail Erickson,Private,,Net 60,,,Any,,,,Wholesale,Customer,Yes,,,,Active,Active,,,Western,,,
Metropolitan Sports Supply,Mark Harrington,555-0196,MET6F5F1,,,Oklahoma City,U.S.,,,,,,,,,,OK,45671 City Street,,,,,,,66496,,,,,,,,,,,,,,,,,,,,,,,555-0123,,,,"$210,000,000.00 ",,Preferred Customer,,First name Last name,6/26/2007,No,,,,,,Allow,Allow,Allow,Allow,someone@example.com,,,,,Entertainment Retail,,,First name Last name,6/26/2007,"1,745",Mark Harrington,,Gail Erickson,Private,,Net 60,,,Any,,,,Wholesale,Prospect,Yes,,,,Active,Active,,,Western,,,
Mobile Bike Store,Jelly Vissar,555-0178,,,,Indianapolis,U.S.,,,,,,,,,,IN,89950 Castleton Corner,,,,,,,46250,,,,,,,,,,,,,,,,,,,,,,,555-0197,,,,"$210,000,000.00 ",,Preferred Customer,,First name Last name,6/26/2007,No,,,,,,Allow,Allow,Allow,Allow,someone@example.com,,,,,Entertainment Retail,,,First name Last name,6/26/2007,"1,754",,,Alan Jackson,,,Net 60,,,Mail,,,,Wholesale,Customer,Yes,,,,Active,Active,,,Eastern,,,
Mobile Outlet,Vasco Veiga,555-0142,MOB82231,,,Fort Worth,U.S.,,,,,,,,,,TX,5678 Liberty Road,,,,,,,96424,,,,,,,,,,,,,,,,,,,,,,,555-0186,,,,"$510,000,000.00 ",,Standard,,First name Last name,6/26/2007,No,,,,,,Allow,Allow,Allow,Allow,someone@example.com,,,,,Wholesale,,,First name Last name,6/26/2007,"5,200",Hung-Fu Ting,,Alan Jackson,Private,,Net 60,,,E-mail,,,,Wholesale,Prospect,Yes,,,,Active,Active,,,Eastern,,,
Modern Bike Store,Josh Barnhill,555-0178,LAPFH639,,,Seattle,U.S.,,,,,,,,,,WA,7126 Edie Ct.,,,,,,,77125,,,,,,,,,,,,,,,,,,,,,,,555-0187,,,,"$11,500,000.00 ",,Preferred Customer,,First name Last name,6/26/2007,No,,,,,,Allow,Allow,Allow,Allow,someone@example.com,,,,,Wholesale,,,First name Last name,6/26/2007,258,,,Gail Erickson,Private,,Net 60,,,Phone,,,,Wholesale,Customer,Yes,,,,Active,Active,,,Western,Default Value,,
Modular Cycle Systems,Thomas Jensen,555-0135,M89VHJE8,Default Value,,Seattle,U.S.,,,,,,,,,,WA,5666 Hazelnut Lane,,,,,,,62507,,,,,,,,,,,,,,,,,,,,,,,555-0101,,,,"$10,470,000.00 ",,Preferred Customer,,First name Last name,6/26/2007,No,,,,,,Allow,Allow,Allow,Allow,someone@example.com,,,,,Wholesale,,,First name Last name,6/26/2007,248,,,Gail Erickson,Private,,Net 60,,,Mail,,,,Wholesale,Customer,Yes,,,,Active,Active,,,Western,,,
More Bikes!,Mark Hassall,555-0197,HJFK9D7S,,,Seattle,U.S.,,,,,,,,,,WA,5375 Clearland Circle,,,,,,,86967,,,,,,,,,,,,,,,,,,,,,,,555-0168,,,,"$7,000,000.00 ",,Preferred Customer,,First name Last name,6/26/2007,No,,,,,,Allow,Allow,Allow,Allow,someone@example.com,,,,,Wholesale,,,First name Last name,6/26/2007,150,,,Gail Erickson,Private,,Net 60,,,Phone,,,,Wholesale,Customer,Yes,,,,Active,Active,,,Western,,,
Mountain Toy Store,Raman Iyer,555-0135,LLOGD78H,,,Duvall,U.S.,,,,,,,,,,WA,2598 La Vista Circle,,,,,,,15462,,,,,,,,,,,,,,,,,,,,,,,555-0188,,,,"$18,350,000.00 ",,Preferred Customer,,First name Last name,6/26/2007,No,,,,,,Allow,Allow,Allow,Allow,someone@example.com,,,,,Entertainment Retail,,,First name Last name,6/26/2007,379,,,Gail Erickson,Private,,Net 60,,,Any,,,,Wholesale,Customer,Yes,,,,Active,Active,,,Western,Default Value,,
New and Used Bicycles,Brannon Jones,555-0168,NEWB7A8C,Default Value,,Wood Dale,U.S.,,,,,,,,,,IL,6543 Angle Road,,,,,,,80437,,,,,,,,,,,,,,,,,,,,,,,555-0151,,,,"$400,000,000.00 ",,Preferred Customer,,First name Last name,6/26/2007,No,,,,,,Do Not Allow,Allow,Allow,Allow,someone@example.com,,,,,Wholesale,,,First name Last name,6/26/2007,"3,145",Brannon Jones,,Jose Curry,Private,,Net 60,,,Phone,,,,Wholesale,Prospect,Yes,,,,Active,Active,,,Central,,,
Next-Door Bike Store,Ben Miller,555-0170,NEX06F6D,,,Salt Lake City,U.S.,,,,,,,,,,UT,1234 WEST 2700 SOUTH,,,,,,,10436,,,,,,,,,,,,,,,,,,,,,,,555-0193,,,,"$1,100,000,000.00 ",,Preferred Customer,,First name Last name,6/26/2007,No,,,,,,Allow,Allow,Allow,Allow,someone@example.com,,,,,Wholesale,,,First name Last name,6/26/2007,"6,790",Syed Abbas,,Alan Jackson,Private,,Net 60,,,Any,,,,Wholesale,Prospect,Yes,,,,Active,Active,,,Eastern,,,
Northwind Traders,Jim Wilson,555-0160,FIRBB649,,,Laredo,U.S.,,,,,,,,,,TX,567 Kennedy Boulevard,,,,,,,98291,,,,,,,,,,,,,,,,,,,,,,,555-0124,,,,"$670,000,000.00 ",,Standard,,First name Last name,6/26/2007,No,,,,,,Allow,Allow,Allow,Allow,someone@example.com,,,,,Wholesale,,,First name Last name,6/26/2007,"6,289",Mike Hines,,Alan Jackson,Private,,Net 60,,,,,,,Wholesale,Prospect,Yes,,,,Active,Active,,,Eastern,,,
On the Go Sports Store,Thomas Axen,555-0121,,,,Bellevue,U.S.,,,,,,,,,,WA,8684 Military East,,,,,,,28043,,,,,,,,,,,,,,,,,,,,,,,555-0135,,,,"$650,000.00 ",,Standard,,First name Last name,6/26/2007,No,,,,,,Allow,Allow,Allow,Allow,someone@example.com,,,,,Entertainment Retail,,,First name Last name,6/26/2007,49,,,Gail Erickson,,,Net 60,,,E-mail,,,,Wholesale,Customer,Yes,,,,Active,Active,,,Western,,,
Orange Bicycle Company,Cat Francis,555-0148,OBC345T4,,,Chicago,U.S.,,,,,,,,,,IL,9056 Monti Dr,,,,,,,80849,,,,,,,,,,,,,,,,,,,,,,,555-0134,,,,"$165,000.00 ",,Preferred Customer,,First name Last name,6/26/2007,No,,,,,,Allow,Allow,Allow,Allow,someone@example.com,,,,,Wholesale,,,First name Last name,6/26/2007,22,,,Jose Curry,Private,,Net 60,,,E-mail,,,,,Customer,Yes,,,,Active,Active,,,Central,,,
Racing Bike Outlet,Patricia Doyle,555-0135,RACA7278,,,Sand city,U.S.,,,,,,,,,,CA,890 Red Road,,,,,,,20530,,,,,,,,,,,,,,,,,,,,,,,555-0192,,,,"$80,000,000.00 ",,Standard,,First name Last name,6/26/2007,No,,,,,,Allow,Allow,Allow,Allow,someone@example.com,,,,,Entertainment Retail,,,First name Last name,6/26/2007,"1,258",Patricia Doyle,,Gail Erickson,Private,,Net 60,,,Any,,,,Wholesale,Prospect,Yes,,,,Active,Active,,,Western,,,
Rally Day Mall,Sean Chai,555-0193,RDMJ7UY6,,,Berkeley,U.S.,,,,,,,,,,UT,3467 Monzeneda Way,,,,,,,10436,,,,,,,,,,,,,,,,,,,,,,,555-0129,,,,"$100,000.00 ",,Preferred Customer,,First name Last name,6/26/2007,No,,,,,,Allow,Allow,Allow,Allow,someone@example.com,,,,,Wholesale,,,First name Last name,6/26/2007,24,,,Jose Curry,Private,,Net 60,,,Any,,,,,Customer,Yes,,,,Active,Active,,,Central,,,
Rapid sports store,Louise Tourbo,555-0145,,,,Redmond,U.S.,,,,,,,,,,WA,8467 Clifford Court,,,,,,,95386,,,,,,,,,,,,,,,,,,,,,,,555-0109,,,,"$890,000.00 ",,Preferred Customer,,First name Last name,6/26/2007,No,,,,,,Allow,Allow,Allow,Allow,someone@example.com,,,,,Entertainment Retail,,,First name Last name,6/26/2007,63,,,Alan Jackson,,,Net 60,,,Any,,,,Wholesale,Customer,Yes,,,,Active,Active,,,Eastern,,,
Recreation Supplies,H. Valentine,555-0140,REC4286E,,,Dallas,U.S.,,,,,,,,,,TX,789 Henry Avenue,,,,,,,95626,,,,,,,,,,,,,,,,,,,,,,,555-0190,,,,"$125,000,000.00 ",,Standard,,First name Last name,6/26/2007,No,,,,,,Allow,Allow,Allow,Allow,someone@example.com,,,,,Entertainment Retail,,,First name Last name,6/26/2007,"1,820",H. Valentine,,Jose Curry,Private,,Net 60,,,Any,,,,Wholesale,Prospect,Yes,,,,Active,Active,,,Central,,,
Reliable sports bikes,Paul Komosinski,555-0135,,,,Redmond,U.S.,,,,,,,,,,WA,9322 Dianda Drive,,,,,,,91957,,,,,,,,,,,,,,,,,,,,,,,555-0151,,,,"$9,000,000.00 ",,Standard,,First name Last name,6/26/2007,No,,,,,,Allow,Allow,Allow,Allow,someone@example.com,,,,,Entertainment Retail,,,First name Last name,6/26/2007,198,,,Alan Jackson,,,Net 60,,,Any,,,,Wholesale,Customer,Yes,,,,Active,Active,,,Eastern,,,
Ride n Rave Bike store,Joe Healy,555-0164,,,,Seattle,U.S.,,,,,,,,,,WA,2144 San Rafael,,,,,,,63996,,,,,,,,,,,,,,,,,,,,,,,555-0178,,,,"$5,500,000.00 ",,Standard,,First name Last name,6/26/2007,No,,,,,,Allow,Allow,Allow,Allow,someone@example.com,,,,,Wholesale,,,First name Last name,6/26/2007,105,,,Gail Erickson,,,Net 60,,,E-mail,,,,Wholesale,Customer,Yes,,,,Active,Active,,,Western,Default Value,,
Rider's sports store,Joe Andreshak,555-0171,,Default Value,,Seattle,U.S.,,,,,,,,,,WA,77 Birchwood,,,,,,,98756,,,,,,,,,,,,,,,,,,,,,,,555-0141,,,,"$2,900,000.00 ",,Standard,,First name Last name,6/26/2007,No,,,,,,Allow,Allow,Allow,Allow,someone@example.com,,,,,Entertainment Retail,,,First name Last name,6/26/2007,96,,,Gail Erickson,,,Net 60,,,E-mail,,,,Wholesale,Customer,Yes,,,,Active,Active,,,Western,,,
Roaring bikes,Marco Tanara,555-0135,,,,Everett,U.S.,,,,,,,,,,WA,1185 Dallis Drive,,,,,,,70780,,,,,,,,,,,,,,,,,,,,,,,555-0114,,,,"$400,000.00 ",,Preferred Customer,,First name Last name,6/26/2007,No,,,,,,Allow,Allow,Allow,Allow,someone@example.com,,,,,Wholesale,,,First name Last name,6/26/2007,7,,,Alan Jackson,,,Net 60,,,Any,,,,Wholesale,Customer,Yes,,,,Active,Active,,,Eastern,,,
Rugged Bikes,Megan Davis,555-0135,RUG668B3,Default Value,,Upland,U.S.,,,,,,,,,,CA,MOUNTAIN SQUARE,,,,,,,20313,,,,,,,,,,,,,,,,,,,,,,,555-0104,,,,"$1,650,000,000.00 ",,Standard,,First name Last name,6/26/2007,No,,,,,,Do Not Allow,Allow,Allow,Allow,someone@example.com,,,,,Wholesale,,,First name Last name,6/26/2007,"8,028",Megan Davis,,Gail Erickson,Private,,Net 60,,,Any,,,,Wholesale,Prospect,Yes,,,,Active,Active,,,Western,,,
Scooters and Bikes Store,Joy Koski,555-0158,SCO05B99,Default Value,,San Antonio,U.S.,,,,,,,,,,TX,56789 Stars Roadway,,,,,,,20175,,,,,,,,,,,,,,,,,,,,,,,555-0170,,,,"$80,000,000.00 ",,Standard,,First name Last name,6/26/2007,No,,,,,,Allow,Allow,Allow,Allow,someone@example.com,,,,,Wholesale,,,First name Last name,6/26/2007,"1,253",Joy Koski,,Jose Curry,Private,Recreation Supplies,Net 60,,,Any,,,,Wholesale,Customer,Yes,,,,Active,Active,,,Central,,,
Solid Bike Parts,Anders Madsen,555-0176,SOLE211D,,,Denver,U.S.,,,,,,,,,,CO,Northwest Colorado Blvd.,,,,,,,10046,,,,,,,,,,,,,,,,,,,,,,,555-0106,,,,"$745,000,000.00 ",,Standard,,First name Last name,6/26/2007,No,,,,,,Allow,Allow,Allow,Allow,someone@example.com,,,,,Wholesale,,,First name Last name,6/26/2007,"5,229",Michael Vanderhyde,,Alan Jackson,Private,,Net 60,,,Any,,,,Wholesale,Partner,Yes,,,,Active,Active,,,Eastern,,,
Special Bikes store,Patrick Hines,555-0124,,Default Value,,Seattle,U.S.,,,,,,,,,,WA,7616 Honey Court,,,,,,,33639,,,,,,,,,,,,,,,,,,,,,,,555-0132,,,,"$200,000.00 ",,Standard,,First name Last name,6/26/2007,No,,,,,,Allow,Allow,Allow,Allow,someone@example.com,,,,,Wholesale,,,First name Last name,6/26/2007,35,,,Gail Erickson,,,Net 60,,,Any,,,,Wholesale,Customer,Yes,,,,Active,Active,,,Western,Default Value,,
Specialty Sports Store,Scott Konersmann,555-0178,SPE93BF0,,,Dallas,U.S.,,,,,,,,,,TX,45678 78th Street,,,,,,,95486,,,,,,,,,,,,,,,,,,,,,,,555-0138,,,,"$200,000,000.00 ",,Standard,,First name Last name,6/26/2007,No,,,,,,Allow,Allow,Allow,Allow,someone@example.com,,,,,Entertainment Retail,,,First name Last name,6/26/2007,"1,725",Scott Konersmann,,Jose Curry,Private,,Net 60,,,Any,,,,Wholesale,Prospect,Yes,,,,Active,Active,,,Central,,,
Speedy bikes store,David Campbell,555-0162,,,,Redmond,U.S.,,,,,,,,,,WA,6369 Ellis Street,,,,,,,74575,,,,,,,,,,,,,,,,,,,,,,,555-0185,,,,"$18,350,000.00 ",,Standard,,First name Last name,6/26/2007,No,,,,,,Allow,Allow,Allow,Allow,someone@example.com,,,,,Wholesale,,,First name Last name,6/26/2007,319,,,Alan Jackson,,,Net 60,,,Phone,,,,Wholesale,Customer,Yes,,,,Active,Active,,,Eastern,,,
Sporty Store,Simon Pearson,555-0134,,Default Value,,Seattle,U.S.,,,,,,,,,,WA,3029 Arnold Dr,,,,,,,95806,,,,,,,,,,,,,,,,,,,,,,,555-0158,,,,"$20,000,000.00 ",,Standard,,First name Last name,6/26/2007,No,,,,,,Allow,Allow,Allow,Allow,someone@example.com,,,,,Entertainment Retail,,,First name Last name,6/26/2007,400,,,Gail Erickson,,,Net 60,,,Any,,,,Wholesale,Customer,Yes,,,,Active,Active,,,Western,,,
Steady bikes,Brain LaMee,555-0178,,,,Redmond,U.S.,,,,,,,,,,WA,1960 Via Catanzaro,,,,,,,32712,,,,,,,,,,,,,,,,,,,,,,,555-0180,,,,"$7,000,000.00 ",,Preferred Customer,,First name Last name,6/26/2007,No,,,,,,Allow,Allow,Allow,Allow,someone@example.com,,,,,Wholesale,,,First name Last name,6/26/2007,149,,,Alan Jackson,,,Net 60,,,Phone,,,,Wholesale,Customer,Yes,,,,Active,Active,,,Eastern,,,
Superb sports goods,Linda Martin,555-1010,,,,Redmond,U.S.,,,,,,,,,,WA,249 Alexander Pl.,,,,,,,86372,,,,,,,,,,,,,,,,,,,,,,,555-0146,,,,"$1,250,000.00 ",,Preferred Customer,,First name Last name,6/26/2007,No,,,,,,Allow,Allow,Allow,Allow,someone@example.com,,,,,Entertainment Retail,,,First name Last name,6/26/2007,79,,,Alan Jackson,,,Net 60,,,Any,,,,Wholesale,Customer,Yes,,,,Active,Active,,,Eastern,,,
Tailspin Toys,Cindy Dodd,555-0176,SUB582B4,,,Randolph,U.S.,,,,,,,,,,MA,58 Adams DR.,,,,,,,43935,,,,,,,,,,,,,,,,,,,,,,,555-0169,,,,"$510,000,000.00 ",,Standard,,First name Last name,6/26/2007,No,,,,,,Allow,Allow,Allow,Allow,someone@example.com,,,,,Entertainment Retail,,,First name Last name,6/26/2007,"5,135",Cindy Dodd,,Gail Erickson,Private,,Net 60,,,Any,,,,Wholesale,Prospect,Yes,,,,Active,Active,,,Western,,,
Teamplayer sports goods,Stephan Adolphi,555-0129,,,,Seattle,U.S.,,,,,,,,,,WA,502 Alexander Pl.,,,,,,,98856,,,,,,,,,,,,,,,,,,,,,,,555-0140,,,,"$6,000,000.00 ",,Standard,,First name Last name,6/26/2007,No,,,,,,Allow,Allow,Allow,Allow,someone@example.com,,,,,Entertainment Retail,,,First name Last name,6/26/2007,110,,,Gail Erickson,,,Net 60,,,Any,,,,Wholesale,Customer,Yes,,,,Active,Active,,,Western,,,
The Cracker Box,John Woods,555-0138,ULTE6881,Default Value,,Dallas,U.S.,,,,,,,,,,TX,789123 NE 76TH ST,,,,,,,20940,,,,,,,,,,,,,,,,,,,,,,,555-0124,,,,"$300,000,000.00 ",,Preferred Customer,,First name Last name,6/26/2007,Yes,,,,,,Do Not Allow,Allow,Do Not Allow,Allow,someone@example.com,,,,,Entertainment Retail,,,First name Last name,6/26/2007,"2,075",Gabriele Cannata,,Alan Jackson,Private,,Net 60,,,Phone,,,,Wholesale,Customer,Yes,,,,Active,Active,,,Eastern,,,
The Cycle Store,Alvin Torre,555-0135,THEDF540,,,Indianapolis,U.S.,,,,,,,,,,IN,6789 Main St.,,,,,,,56373,,,,,,,,,,,,,,,,,,,,,,,555-0188,,,,"$29,000,000.00 ",,Standard,,First name Last name,6/26/2007,No,,,,,,Allow,Allow,Allow,Allow,someone@example.com,,,,,Wholesale,,,First name Last name,6/26/2007,879,Alvin Torre,,Jose Curry,Private,Lots of Bikes Storehouse,Net 60,,,E-mail,,,,Wholesale,Prospect,Yes,,,,Active,Active,,,Central,Default Value,,
Trailblazing Sports,Robin Counts,555-0107,TBSSD324,,,Lakewood,U.S.,,,,,,,,,,IL,419 River Ash Court,,,,,,,80437,,,,,,,,,,,,,,,,,,,,,,,555-0172,,,,"$40,000.00 ",,Preferred Customer,,First name Last name,6/26/2007,No,,,,,,Allow,Allow,Allow,Allow,someone@example.com,,,,,Entertainment Retail,,,First name Last name,6/26/2007,8,,,Jose Curry,Private,,Net 60,,,E-mail,,,,,Customer,Yes,,,,Active,Active,,,Central,Default Value,,
Transport Bikes,Vassar Stern,555-0138,TRA42C55,Default Value,,Wood Dale,U.S.,,,,,,,,,,IL,8910 WOOD RD.,,,,,,,80437,,,,,,,,,,,,,,,,,,,,,,,555-0148,,,,"$179,000,000.00 ",,Preferred Customer,,First name Last name,6/26/2007,No,,,,,,Do Not Allow,Allow,Allow,Allow,someone@example.com,,,,,Entertainment Retail,,,First name Last name,6/26/2007,"1,800",Vassar Stern,,Gail Erickson,Private,,Net 60,,,Phone,,,,Wholesale,Prospect,Yes,,,,Active,Active,,,Western,,,
Travel Systems,Kevin Liu,555-0168,TRA6EC05,,,San Ramon,U.S.,,,,,,,,,,CA,Canyon Park Ave,Ste. 123,,,,,,20593,,,,,,,,,,,,,,,,,,,,,,,555-0171,,,,"$400,000,000.00 ",,Standard,,First name Last name,6/26/2007,No,,,,,,Allow,Allow,Allow,Allow,someone@example.com,,,,,Entertainment Retail,,,First name Last name,6/26/2007,"3,167",Linda Blasingame,,Alan Jackson,Private,,Net 60,,,E-mail,,,,Wholesale,Prospect,Yes,,,,Active,Active,,,Eastern,,,
Traveller's Stores,Scott Mitchell,555-0158,,,,Miami,U.S.,,,,,,,,,,FL,79945 Corporate Center Drive,,,,,,,33126,,,,,,,,,,,,,,,,,,,,,,,555-0175,,,,"$80,000,000.00 ",,Preferred Customer,,First name Last name,6/26/2007,No,,,,,,Allow,Allow,Allow,Allow,someone@example.com,,,,,Entertainment Retail,,,First name Last name,6/26/2007,"1,249",,,Alan Jackson,,,Net 60,,,Phone,,,,Wholesale,Customer,Yes,,,,Active,Active,,,Eastern,,,
Trendy sport goods,Willis Johnson,555-0128,,Default Value,,Seattle,U.S.,,,,,,,,,,WA,136 Balboa Court,,,,,,,44912,,,,,,,,,,,,,,,,,,,,,,,555-0142,,,,"$1,250,000.00 ",,Preferred Customer,,First name Last name,6/26/2007,No,,,,,,Allow,Allow,Allow,Allow,someone@example.com,,,,,Entertainment Retail,,,First name Last name,6/26/2007,72,,,Gail Erickson,,,Net 60,,,E-mail,,,,Wholesale,Customer,Yes,,,,Active,Active,,,Western,,,
Tuned bikes,oliver Cox,555-0168,,Default Value,,Redmond,U.S.,,,,,,,,,,WA,3768 Dorset Way,,,,,,,14107,,,,,,,,,,,,,,,,,,,,,,,555-0190,,,,"$8,500,000.00 ",,Standard,,First name Last name,6/26/2007,No,,,,,,Allow,Allow,Allow,Allow,someone@example.com,,,,,Wholesale,,,First name Last name,6/26/2007,189,,,Alan Jackson,,,Net 60,,,Phone,,,,Wholesale,Customer,Yes,,,,Active,Active,,,Eastern,,,
Twin Brothers Bikes,Vidur Luthra,555-0171,,,,Everett,U.S.,,,,,,,,,,WA,181 Gainsborough Drive,,,,,,,39583,,,,,,,,,,,,,,,,,,,,,,,555-0165,,,,"$745,000.00 ",,Standard,,First name Last name,6/26/2007,No,,,,,,Allow,Allow,Allow,Allow,someone@example.com,,,,,Wholesale,,,First name Last name,6/26/2007,51,,,Alan Jackson,,,Net 60,,,Any,,,,Wholesale,Customer,Yes,,,,Active,Active,,,Eastern,,,
Two Wheels Cycle Store,John Colon,555-0160,TWOD1BA7,Default Value,,Millington,U.S.,,,,,,,,,,TN,7890 Bell Avenue,,,,,,,58299,,,,,,,,,,,,,,,,,,,,,,,555-0160,,,,"$45,000,000.00 ",,Standard,,First name Last name,6/26/2007,No,,,,,,Allow,Allow,Allow,Allow,someone@example.com,,,,,Wholesale,,,First name Last name,6/26/2007,945,John Colon,,Gail Erickson,Private,,Net 60,,,Phone,,,,Wholesale,Prospect,Yes,,,,Active,Active,,,Western,Default Value,,
Ultimate Bike Shop,Lawrence Hurkett,555-0124,ULB343045,Default Value,,,,,,,,,,,,,,,,,,,,,,,,,,,,,,,,,,,,,,,,,,,,,,,,"$64,000.00 ",,Preferred Customer,,First name Last name,6/26/2007,No,,,,,,Allow,Allow,Allow,Allow,someone@example.com,,,,,Wholesale,,,First name Last name,6/26/2007,17,,,Jose Curry,Private,,Net 60,,,E-mail,,,,Wholesale,Customer,Yes,,,,Active,Active,,,Central,Default Value,,
Unique bikes,Rajesh Patel,555-0127,,,,Everett,U.S.,,,,,,,,,,WA,9241 St George Dr.,,,,,,,53889,,,,,,,,,,,,,,,,,,,,,,,555-0198,,,,"$200,000.00 ",,Standard,,First name Last name,6/26/2007,No,,,,,,Allow,Allow,Allow,Allow,someone@example.com,,,,,Wholesale,,,First name Last name,6/26/2007,34,,,Alan Jackson,,,Net 60,,,Any,,,,Wholesale,Customer,Yes,,,,Active,Active,,,Eastern,,,
Unusual sports store,Sairaj Uddin,555-0116,,Default Value,,Everett,U.S.,,,,,,,,,,WA,3928 San Francisco,,,,,,,51809,,,,,,,,,,,,,,,,,,,,,,,555-0128,,,,"$165,000.00 ",,Standard,,First name Last name,6/26/2007,No,,,,,,Allow,Allow,Allow,Allow,someone@example.com,,,,,Entertainment Retail,,,First name Last name,6/26/2007,29,,,Alan Jackson,,,Net 60,,,Phone,,,,Wholesale,Customer,Yes,,,,Active,Active,,,Eastern,,,
Variety bikes,Reshma Patel,555-0140,,,,Redmond,U.S.,,,,,,,,,,WA,1019 Kenwal Rd.,,,,,,,82017,,,,,,,,,,,,,,,,,,,,,,,555-0104,,,,"$11,500,000.00 ",,Preferred Customer,,First name Last name,6/26/2007,No,,,,,,Allow,Allow,Allow,Allow,someone@example.com,,,,,Wholesale,,,First name Last name,6/26/2007,250,,,Alan Jackson,,,Net 60,,,Any,,,,Wholesale,Customer,Yes,,,,Active,Active,,,Eastern,,,
Vast Bike Sales and Rental,Twanna Evans,555-0156,VAS61D68,,,Kendall,U.S.,,,,,,,,,,FL,Rome Ave and 4th St.,,,,,,,43379,,,,,,,,,,,,,,,,,,,,,,,555-0135,,,,"$745,000,000.00 ",,Preferred Customer,,First name Last name,6/26/2007,No,,,,,,Allow,Allow,Allow,Allow,someone@example.com,,,,,Wholesale,,,First name Last name,6/26/2007,"5,239",Twanna Evans,,Gail Erickson,Private,,Net 60,,,Mail,,,,Wholesale,Prospect,Yes,,,,Active,Active,,,Western,,,
Very economic Bikes,Michel Pereira,555-0193,,,,Seattle,U.S.,,,,,,,,,,WA,8656 Lakespring Place,,,,,,,66736,,,,,,,,,,,,,,,,,,,,,,,555-0137,,,,"$165,000.00 ",,Standard,,First name Last name,6/26/2007,No,,,,,,Allow,Allow,Allow,Allow,someone@example.com,,,,,Wholesale,,,First name Last name,6/26/2007,27,,,Gail Erickson,,,Net 60,,,E-mail,,,,Wholesale,Customer,Yes,,,,Active,Active,,,Western,,,
Village Tours,Ranjit Chudukatil,555-0185,VTRE44R3,Default Value,,Walla Walla,U.S.,,,,,,,,,,TX,4823 Kirkwood Ct.,,,,,,,20940,,,,,,,,,,,,,,,,,,,,,,,555-0164,,,,"$76,000.00 ",,Preferred Customer,,First name Last name,6/26/2007,No,,,,,,Allow,Allow,Allow,Allow,someone@example.com,,,,,Entertainment Retail,,,First name Last name,6/26/2007,11,,,Jose Curry,Private,,Net 60,,,Phone,,,,,Customer,Yes,,,,Active,Active,,,Central,,,
Warm bikes,David Liu,555-0199,,,,Redmond,U.S.,,,,,,,,,,WA,2482 Buckingham Dr.,,,,,,,17659,,,,,,,,,,,,,,,,,,,,,,,555-0195,,,,"$950,000.00 ",,Preferred Customer,,First name Last name,6/26/2007,No,,,,,,Allow,Allow,Allow,Allow,someone@example.com,,,,,Wholesale,,,First name Last name,6/26/2007,67,,,Alan Jackson,,,Net 60,,,Phone,,,,Wholesale,Customer,Yes,,,,Active,Active,,,Eastern,,,
Weekend Tours,John Donovan,555-0196,WEE2DE76,,,Laredo,U.S.,,,,,,,,,,TX,321 SE 56th STREET,,,,,,,20935,,,,,,,,,,,,,,,,,,,,,,,555-0139,,,,"$26,000,000.00 ",,Standard,,First name Last name,6/26/2007,No,,,,,,Allow,Allow,Allow,Allow,someone@example.com,,,,,Entertainment Retail,,,First name Last name,6/26/2007,736,John Donovan,,Jose Curry,Private,,Net 60,,,Any,,,,Wholesale,Prospect,Yes,,,,Active,Active,,,Central,,,
Wide World Importers,Caroline Vicknair,555-0131,WORC9712,,,Santa Fe,U.S.,,,,,,,,,,NM,100 SE Rock STREET,,,,,,,20940,,,,,,,,,,,,,,,,,,,,,,,555-0189,,,,"$25,500,000.00 ",,Standard,,First name Last name,6/26/2007,No,,,,,,Allow,Allow,Allow,Allow,someone@example.com,,,,,Wholesale,,,First name Last name,6/26/2007,629,Caroline Vicknair,,Jose Curry,Private,,Net 60,,,Any,,,,Wholesale,Prospect,Yes,,,,Active,Active,,,Central,,,
Widget Bicycle Specialists,Erin Hagens,555-0121,WBS993R2,Default Value,,Concord,U.S.,,,,,,,,,,TX,9950 Edward Ave,,,,,,,98291,,,,,,,,,,,,,,,,,,,,,,,555-0176,,,,"$52,000.00 ",,Preferred Customer,,First name Last name,6/26/2007,No,,,,,,Allow,Allow,Allow,Allow,someone@example.com,,,,,Wholesale,,,First name Last name,6/26/2007,9,,,Jose Curry,Private,,Net 60,,,E-mail,,,,,Customer,Yes,,,,Active,Active,,,Central,,,
Women's Bike store,Venky Krishnan,555-0107,,,,Edmonds,U.S.,,,,,,,,,,WA,2059 Clayton Rd,,,,,,,94626,,,,,,,,,,,,,,,,,,,,,,,555-0161,,,,"$40,000.00 ",,Preferred Customer,,First name Last name,6/26/2007,No,,,,,,Allow,Allow,Allow,Allow,someone@example.com,,,,,Wholesale,,,First name Last name,6/26/2007,16,,,Gail Erickson,,,Net 60,,,Phone,,,,Wholesale,Customer,Yes,,,,Active,Active,,,Western,,,
World Bike Discount Store,Jimmy Bischoff,555-0180,WORF0BAD,Default Value,,Millington,U.S.,,,,,,,,,,TN,5678 100th Ave,,,,,,,58299,,,,,,,,,,,,,,,,,,,,,,,555-0100,,,,"$265,000,000.00 ",,Preferred Customer,,First name Last name,6/26/2007,No,,,,,,Allow,Do Not Allow,Allow,Allow,someone@example.com,,,,,Wholesale,,,First name Last name,6/26/2007,"2,035",Jimmy Bischoff,,Gail Erickson,Private,,Net 60,,,E-mail,,,,Wholesale,Prospect,Yes,,,,Active,Active,,,Western,Default Value,,
Year-round Sports,Scott Gode,555-0168,YEA0F669,,,Kendall,U.S.,,,,,,,,,,FL,789 S.W. 25th Ave.,,,,,,,53502,,,,,,,,,,,,,,,,,,,,,,,555-0152,,,,"$1,460,000,000.00 ",,Standard,,First name Last name,6/26/2007,No,,,,,,Allow,Allow,Allow,Allow,someone@example.com,,,,,Entertainment Retail,,,First name Last name,6/26/2007,"7,948",Scott Gode,,Gail Erickson,Private,,Net 60,,,E-mail,,,,Wholesale,Prospect,Yes,,,,Active,Active,,,Western,,,
Zip Bikes and Accessories,Elly Nkya,555-0196,,,,Redmond,U.S.,,,,,,,,,,WA,9006 Woodside Way,,,,,,,62266,,,,,,,,,,,,,,,,,,,,,,,555-0134,,,,"$28,000,000.00 ",,Preferred Customer,,First name Last name,6/26/2007,No,,,,,,Allow,Allow,Allow,Allow,someone@example.com,,,,,Wholesale,,,First name Last name,6/26/2007,757,,,Alan Jackson,,,Net 60,,,Phone,,,,Wholesale,Customer,Yes,,,,Active,Active,,,Eastern,,,
