Name,Company Name,Business Phone,Address 1: Address Type,Address 1: County,Address 1: Fax,Address 1: Latitude,Address 1: Longitude,Address 1: Name,Address 1: Post Office Box,Address 1: Shipping Method,Address 1: Telephone 1,Address 1: Telephone 2,Address 1: Telephone 3,Address 1: UPS Zone,Address 1: UTC Offset,Address 2: Address Type,Address 2: City,Address 2: Country/Region,Address 2: County,Address 2: Fax,Address 2: Latitude,Address 2: Longitude,Address 2: Name,Address 2: Post Office Box,Address 2: Shipping Method,Address 2: State/Province,Address 2: Street 1,Address 2: Street 2,Address 2: Street 3,Address 2: Telephone 1,Address 2: Telephone 2,Address 2: Telephone 3,Address 2: UPS Zone,Address 2: UTC Offset,Address 2: ZIP/Postal Code,Annual Revenue,City,Country/Region,Created By,Created On,Customer,Description,Do not allow Bulk E-mails,Do not allow E-mails,Do not allow Faxes,Do not allow Mails,Do not allow Phone Calls,E-mail,E-mail Address 2,E-mail Address 3,Est. Close Date,Est. Value,Fax,First Name,Home Phone,Industry,Job Title,Last Date Included in Campaign,Last Name,Lead Source,Middle Name,Mobile Phone,Modified By,Modified On,No. of Employees,Other Phone,Owner,Pager,Preferred Method of Contact,Priority,Rating,Sales Stage,Salutation,Send Marketing Materials,SIC Code,Source Campaign,State/Province,Status,Status Reason,Street 1,Street 2,Street 3,Topic,Web Site,Yomi First Name,Yomi Full Name,Yomi Last Name,Yomi Middle Name,ZIP/Postal Code,Est. Close Date Year,Est. Close Date Month,Est. Close Date Day,Est. Close Date Hour,Est. Close Date Minute,Est. Close Date Second
Yvonne McKay,Practical Bike Supply Company,,Default Value,,,,,,,,555-0146,,,,,,,,,,,,,,,,,,,,,,,,,"$100,000.00 ",La Vergne,U.S.,First name Last name,6/26/2007 11:50,,Yellow Pages,,Allow,Allow,Do Not Allow,Allow,someone@example.com,,,,"44,000.00",,Yvonne,,Entertainment Retail,Purchasing Manager,,McKay,Other,,,First name Last name,6/26/2007 11:50,25,,Alan Jackson,,Any,,Warm,,Ms.,Yes,,,TN,Open,New,789 Jones Blvd,,,New store opened this year - follow up,,,,,,57332,1,0,23,21,42,45
Willis Johnson,Eleventh Bike Store,,Default Value,,,,,,,,555-0192,,,,,,,,,,,,,,,,,,,,,,,,,"$80,000.00 ",Renton,U.S.,First name Last name,6/26/2007 11:50,,36 bikes this year.,,Allow,Allow,Allow,Allow,someone@example.com,,,,"1,200.00",,Willis,,Entertainment Retail,Owner,,Johnson,Advertisement,,,First name Last name,6/26/2007 11:50,18,,Patricia San Juan,,Any,,Hot,,Mr.,Yes,,,WA,Open,New,1 NE 4TH ST,,,Will be ordering about 36 bikes this year.,,,,,,20940,1,1,12,21,42,45
Wendy Kahn,Variety Bike Outlet,,Default Value,,,,,,,,555-0157,,,,,,,,,,,,,,,,,,,,,,,,,"$30,000.00 ",Saint Louis,U.S.,First name Last name,6/26/2007 11:50,,Found us on the web,,Allow,Allow,Allow,Allow,someone@example.com,,,,"25,500.00",,Wendy,,Entertainment Retail,Owner,,Kahn,Web,Beth,,First name Last name,6/26/2007 11:50,6,,Patricia San Juan,,Phone,,Warm,,Ms.,Yes,,,MO,Open,New,890123 JEFFERSON BLVD,,,They have an on-line store only for mountain bikes,,,,,,83378,1,3,13,21,42,45
Wathalee Steuber,Sellers of Cycles,,Default Value,,,,,,,,555-0127,,,,,,,,,,,,,,,,,,,,,,,,,"$150,000.00 ",Saint Louis,U.S.,First name Last name,6/26/2007 11:50,,Advertising campaign lead,,Do Not Allow,Allow,Allow,Allow,someone@example.com,,,,"64,000.00",,Wathalee,,Entertainment Retail,Purchasing Manager,,Steuber,Other,R.,,First name Last name,6/26/2007 11:50,43,,Gail Erickson,,Any,,Hot,,Ms.,Yes,,,MO,Open,New,797 Roosevelt Ave NE,Ste 9,,Mailed an interest card back for road bikes,,,,,,83385,1,3,13,21,42,45
Virginia Miller,All Cycle Shop,,Default Value,,,,,,,,555-0129,,,,,,,,,,,,,,,,,,,,,,,,,"$100,000.00 ",Saint Louis,U.S.,First name Last name,6/26/2007 11:50,,Referred by one of Adventure Works employees.,,Allow,Allow,Allow,Allow,someone@example.com,,,,"23,000.00",,Virginia,,Entertainment Retail,Purchasing Manager,,Miller,Employee Referral,L.,,First name Last name,6/26/2007 11:50,27,,Gail Erickson,,E-mail,,Warm,,Ms.,Yes,,,MO,Open,New,10 Lindbergh Drive,Suite 567,,33 mountain bikes,,,,,,83373,0,10,29,21,42,45
Vassar Stern,Transport Bikes,,Default Value,,,,,,,,555-0109,,,,,,,,,,,,,,,,,,,,,,,,,"$150,000.00 ",Wood Dale,U.S.,First name Last name,6/26/2007 11:50,,Advertising campaign lead,,Do Not Allow,Allow,Allow,Allow,someone@example.com,,,,"64,000.00",,Vassar,,Entertainment Retail,Purchasing Manager,,Stern,Other,J.,,First name Last name,6/26/2007 11:50,44,,Gail Erickson,,Phone,,Hot,,Mr.,Yes,,,IL,Qualified,Qualified,8910 WOOD RD.,,,5 Road-150 or 250 bikes.,,,,,,80437,0,11,29,21,42,45
Twanna Evans,Vast Bike Sales and Rental,,Default Value,,,,,,,,555-0171,,,,,,,,,,,,,,,,,,,,,,,,,"$300,000.00 ",Kendall,U.S.,First name Last name,6/26/2007 11:50,,Yellow Pages,,Allow,Allow,Allow,Allow,someone@example.com,,,,"66,000.00",,Twanna,,Entertainment Retail,Purchasing Assistant,,Evans,Other,R.,,First name Last name,6/26/2007 11:50,70,,Gail Erickson,,E-mail,,Warm,,Ms.,Yes,,,FL,Qualified,Qualified,Rome Ave and 4th St.,,,Interested in 35 of the Road-350.,,,,,,43379,0,11,29,21,42,45
Teresa Atkinson,Extended Bike Sales,,Default Value,,,,,,,,555-0134,,,,,,,,,,,,,,,,,,,,,,,,,"$300,000.00 ",Atlanta,U.S.,First name Last name,6/26/2007 11:50,,Yellow Pages,,Allow,Allow,Allow,Allow,someone@example.com,,,,"66,000.00",,Teresa,,Entertainment Retail,Purchasing Assistant,,Atkinson,Other,,,First name Last name,6/26/2007 11:50,76,,Gail Erickson,,Any,,Warm,,Ms.,Yes,,,GA,Open,New,123 WEST PARK DRIVE,,,New store opened this year - follow up,,,,,,50582,1,0,23,21,42,45
Tammy Khan,Brown Bicycle Company,,Default Value,,,,,,,,555-0130,,,,,,,,,,,,,,,,,,,,,,,,,"$80,000.00 ",Bellevue,U.S.,First name Last name,6/26/2007 11:50,,Yellow Pages,,Allow,Allow,Allow,Allow,someone@example.com,,,,"22,000.00",,Tammy,,Entertainment Retail,Owner,,Khan,Other,J.,,First name Last name,6/26/2007 11:50,13,,Gail Erickson,,E-mail,,Warm,,Ms.,Yes,,,WA,Disqualified,Lost,5432 140TH AVE NW,,,New store opened this year - follow up,,,,,,20935,1,0,23,21,42,45
Syed Abbas,Next-Door Bike Store,,Default Value,,,,,,,,555-0126,,,,,,,,,,,,,,,,,,,,,,,,,"$80,000.00 ",Salt Lake City,U.S.,First name Last name,6/26/2007 11:50,,Found us on the web,,Allow,Allow,Allow,Allow,someone@example.com,,,,"25,500.00",,Syed,,Entertainment Retail,Owner,,Abbas,Web,,,First name Last name,6/26/2007 11:50,13,,Alan Jackson,,Mail,,Warm,,Mr.,Yes,,,UT,Qualified,Qualified,1234 WEST 2700 SOUTH,,,13 Road or touring bikes.,,,,,,10436,1,1,12,21,42,45
Steven Betsekas,Golf and Cycle Store,,Default Value,,,,,,,,555-0145,,,,,,,,,,,,,,,,,,,,,,,,,"$300,000.00 ",Tacoma,U.S.,First name Last name,6/26/2007 11:50,,Advertising campaign lead,,Do Not Allow,Allow,Allow,Allow,someone@example.com,,,,"96,000.00",,Steven,,Entertainment Retail,Purchasing Assistant,,Betsekas,Other,B.,,First name Last name,6/26/2007 11:50,86,,Gail Erickson,,Phone,,Hot,,Mr.,Yes,,,WA,Disqualified,Lost,8901 Pacific Road NW,,,Mailed an interest card back for road bikes,,,,,,20979,1,3,13,21,42,45
Stephanie Conroy,Superlative Bikes,,Default Value,,,,,,,,555-0165,,,,,,,,,,,,,,,,,,,,,,,,,"$150,000.00 ",Cerritos,U.S.,First name Last name,6/26/2007 11:50,,Found us on the web,,Allow,Allow,Allow,Allow,someone@example.com,,,,"51,000.00",,Stephanie,,Entertainment Retail,Purchasing Manager,,Conroy,Web,,,First name Last name,6/26/2007 11:50,30,,Patricia San Juan,,E-mail,,Warm,,Ms.,Yes,,,CA,Open,New,12345 85th South St.,,,They have an on-line store only for mountain bikes,,,,,,20205,1,3,13,21,42,45
Sidney Higa,Fitness Sport Boutique,,Default Value,,,,,,,,555-0156,,,,,,,,,,,,,,,,,,,,,,,,,"$80,000.00 ",Miami,U.S.,First name Last name,6/26/2007 11:50,,Entered our bike give-away marketing contest.,,Allow,Allow,Do Not Allow,Allow,someone@example.com,,,,"18,000.00",,Sidney,,Entertainment Retail,Owner,,Higa,Other,,,First name Last name,6/26/2007 11:50,18,,Patricia San Juan,,Any,,Cold,,Mr.,Yes,,,FL,Open,New,12321 NE Granite ROad,l,,Good prospect for frames,,,,,,53389,1,3,13,21,42,45
Shawn Demicell,Rally Day Mall,,Default Value,,,,,,,,555-0139,,,,,,,,,,,,,,,,,,,,,,,,,"$300,000.00 ",Bell Gardens,U.S.,First name Last name,6/26/2007 11:50,,184 bikes this year.,,Allow,Allow,Allow,Allow,someone@example.com,,,,"3,600.00",,Shawn,,Entertainment Retail,Purchasing Assistant,,Demicell,Advertisement,R.,,First name Last name,6/26/2007 11:50,92,,Patricia San Juan,,Mail,,Hot,,Mr.,Yes,,,CA,Open,New,132 Polk Avenue,,,Will be ordering about 184 bikes this year.,,,,,,20155,0,10,29,21,42,45
Sharon Crow,Grand Cycle Store,,Default Value,,,,,,,,555-0164,,,,,,,,,,,,,,,,,,,,,,,,,"$150,000.00 ",HoU.S.ton,U.S.,First name Last name,6/26/2007 11:50,,Yellow Pages,,Allow,Allow,Do Not Allow,Allow,someone@example.com,,,,"44,000.00",,Sharon,,Entertainment Retail,Purchasing Manager,,Crow,Other,A.,,First name Last name,6/26/2007 11:50,43,,Jose Curry,,Any,,Warm,,Ms.,Yes,,,TX,Qualified,Qualified,FOOTHILLS MALL,,,mountain bikes - maybe 50,,,,,,58047,0,10,29,21,42,45
Selena Alvarado,Tiny Bike Boutique,,Default Value,,,,,,,,555-0136,,,,,,,,,,,,,,,,,,,,,,,,,"$30,000.00 ",Santa Ana,U.S.,First name Last name,6/26/2007 11:50,,8 bikes this year.,,Allow,Allow,Do Not Allow,Allow,someone@example.com,,,,"1,200.00",,Selena,,Entertainment Retail,Owner,,Alvarado,Advertisement,R.,,First name Last name,6/26/2007 11:50,4,,Patricia San Juan,,Fax,,Hot,,Ms.,Yes,,,CA,Open,New,2 West Maple Dr.,,,Will be ordering about 8 bikes this year.,,,,,,20405,0,11,29,21,42,45
Scott MacDonald,Yellow Bicycle Company,,Default Value,,,,,,,,555-0142,,,,,,,,,,,,,,,,,,,,,,,,,"$100,000.00 ",Clearwater,U.S.,First name Last name,6/26/2007 11:50,,Entered our bike give-away marketing contest.,,Allow,Allow,Allow,Allow,someone@example.com,,,,"36,000.00",,Scott,,Entertainment Retail,Purchasing Manager,,MacDonald,Other,,,First name Last name,6/26/2007 11:50,29,,Alan Jackson,,Any,,Cold,,Mr.,Yes,,,FL,Open,New,8907 Thirtieth ST.,,,Good prospect for frames,,,,,,54871,0,11,29,21,42,45
Scott Konersmann,Specialty Sports Store,,Default Value,,,,,,,,555-0133,,,,,,,,,,,,,,,,,,,,,,,,,"$80,000.00 ",Dallas,U.S.,First name Last name,6/26/2007 11:50,,Entered our bike give-away marketing contest.,,Allow,Allow,Allow,Allow,someone@example.com,,,,"18,000.00",,Scott,,Entertainment Retail,Owner,,Konersmann,Other,,,First name Last name,6/26/2007 11:50,16,,Jose Curry,,E-mail,,Cold,,Mr.,Yes,,,TX,Qualified,Qualified,45678 78th Street,,,32 mountain bikes.,,,,,,95486,1,2,14,21,42,45
Scott Konersmann,Specialty Sports Stores,,,,,,,,,,,,,,,,,,,,,,,,,,,,,,,,,,,"$100,000.00 ",,,First name Last name,6/26/2007 11:50,,Saw the demo at the bicycle convention last week,,Allow,Allow,Allow,Allow,someone@example.com,,,,"30,000.00",,Scott,,Vehicle Retail,Purchasing Manager,,Konersmann,Other,,,First name Last name,6/26/2007 11:50,20,,Jose Curry,,E-mail,,Hot,,Mr.,Yes,,,,Open,New,,,,Interested in the new Mountain 500 model.,,,,,,,1,1,22,21,42,45
Scott Gode,Year-round Sports,,Default Value,,,,,,,,555-0170,,,,,,,,,,,,,,,,,,,,,,,,,"$300,000.00 ",Kendall,U.S.,First name Last name,6/26/2007 11:50,,Referred by one of Adventure Works employees.,,Allow,Allow,Allow,Allow,someone@example.com,,,,"34,500.00",,Scott,,Entertainment Retail,Purchasing Assistant,,Gode,Employee Referral,,,First name Last name,6/26/2007 11:50,66,,Gail Erickson,,Mail,,Warm,,Mr.,Yes,,,FL,Qualified,Qualified,789 S.W. 25th Ave.,,,100 Lower level touring bikes,,,,,,53502,0,10,29,21,42,45
Scott Cooper,Vehicle Shop,,Default Value,,,,,,,,555-0118,,,,,,,,,,,,,,,,,,,,,,,,,"$150,000.00 ",Phoenix,U.S.,First name Last name,6/26/2007 11:50,,Found us on the web,,Allow,Allow,Allow,Allow,someone@example.com,,,,"51,000.00",,Scott,,Entertainment Retail,Purchasing Manager,,Cooper,Web,,,First name Last name,6/26/2007 11:50,44,,Gail Erickson,,Any,,Warm,,Mr.,Yes,,,AZ,Open,New,45 Main Ave.,,,They have an on-line store only for mountain bikes,,,,,,95158,1,3,13,21,42,45
Scott Colvin,Westside Cycle Store,,Default Value,,,,,,,,555-0195,,,,,,,,,,,,,,,,,,,,,,,,,"$80,000.00 ",Issaquah,U.S.,First name Last name,6/26/2007 11:50,,20 bikes this year.,,Allow,Allow,Allow,Allow,someone@example.com,,,,"2,400.00",,Scott,,Entertainment Retail,Purchasing Manager,,Colvin,Advertisement,A.,,First name Last name,6/26/2007 11:50,10,,Jose Curry,,Phone,,Hot,,Mr.,Yes,,,WA,Open,New,789 West 5th St.,,,Will be ordering about 20 bikes this year.,,,,,,20938,1,1,12,21,42,45
Scott Bishop,Global Sporting Goods,,Default Value,,,,,,,,555-0129,,,,,,,,,,,,,,,,,,,,,,,,,"$150,000.00 ",Renton,U.S.,First name Last name,6/26/2007 11:50,,Advertising campaign lead,,Do Not Allow,Allow,Allow,Allow,someone@example.com,,,,"64,000.00",,Scott,,Entertainment Retail,Purchasing Manager,,Bishop,Other,,,First name Last name,6/26/2007 11:50,39,,Alan Jackson,,E-mail,,Hot,,Mr.,Yes,,,WA,Disqualified,Lost,5400 John St.,,,Mailed an interest card back for road bikes,,,,,,20938,0,8,14,21,42,45
Sara Breer,Modern Bike Store,,Default Value,,,,,,,,555-0107,,,,,,,,,,,,,,,,,,,,,,,,,"$80,000.00 ",HoU.S.ton,U.S.,First name Last name,6/26/2007 11:50,,Entered our bike give-away marketing contest.,,Allow,Allow,Allow,Allow,someone@example.com,,,,"18,000.00",,Sara,,Entertainment Retail,Owner,,Breer,Other,N.,,First name Last name,6/26/2007 11:50,15,,Patricia San Juan,,E-mail,,Cold,,Ms.,Yes,,,TX,Open,New,123 Modern Hill Rd.,,,Good prospect for frames,,,,,,97300,1,-1,12,21,42,45
Sandra Maynard,Bike Dealers Association,,Default Value,,,,,,,,555-0119,,,,,,,,,,,,,,,,,,,,,,,,,"$150,000.00 ",Tacoma,U.S.,First name Last name,6/26/2007 11:50,,Referred by one of Adventure Works employees.,,Allow,Allow,Allow,Allow,someone@example.com,,,,"34,500.00",,Sandra,,Entertainment Retail,Purchasing Assistant,,Maynard,Employee Referral,B.,,First name Last name,6/26/2007 11:50,40,,Jose Curry,,Mail,,Warm,,Ms.,Yes,,,WA,Open,New,321 77th Highway West,,,50 mountain bikes,,,,,,20979,1,1,13,21,42,45
Sandeep Kaliyath,Weekend Bike Tours,,Default Value,,,,,,,,555-0178,,,,,,,,,,,,,,,,,,,,,,,,,"$30,000.00 ",Woodinville,U.S.,First name Last name,6/26/2007 11:50,,Found us on the web,,Allow,Allow,Allow,Allow,someone@example.com,,,,"25,500.00",,Sandeep,,Entertainment Retail,Owner,,Kaliyath,Web,,,First name Last name,6/26/2007 11:50,4,,Gail Erickson,,E-mail,,Warm,,Mr.,Yes,,,WA,Open,New,5678 Gold Ave,,,They have an on-line store only for mountain bikes,,,,,,20942,0,8,14,21,42,45
Sabria Appelbaum,Distinctive Cycles Sales and Service,,Default Value,,,,,,,,555-0154,,,,,,,,,,,,,,,,,,,,,,,,,"$300,000.00 ",Fremont,U.S.,First name Last name,6/26/2007 11:50,,Yellow Pages,,Allow,Allow,Allow,Allow,someone@example.com,,,,"66,000.00",,Sabria,,Entertainment Retail,Purchasing Assistant,,Appelbaum,Other,B.,,First name Last name,6/26/2007 11:50,79,,Patricia San Juan,,Any,,Warm,,Ms.,Yes,,,CA,Open,New,4567 Tamarack Road,Ste. 100,,New store opened this year - follow up,,,,,,10466,0,8,29,21,42,45
Ruth Suffin,Bike Experts,,Default Value,,,,,,,,555-0135,,,,,,,,,,,,,,,,,,,,,,,,,"$300,000.00 ",Santa Monica,U.S.,First name Last name,6/26/2007 11:50,,Found us on the web,,Allow,Allow,Allow,Allow,someone@example.com,,,,"76,500.00",,Ruth,,Entertainment Retail,Purchasing Assistant,,Suffin,Web,J.,,First name Last name,6/26/2007 11:50,82,,Gail Erickson,,Mail,,Warm,,Ms.,Yes,,,CA,Open,New,456 Eighth Blvd.,,,They have an on-line store only for mountain bikes,,,,,,20175,0,9,29,21,42,45
Ruth Choin,Genuine Bike Shop,,Default Value,,,,,,,,555-0152,,,,,,,,,,,,,,,,,,,,,,,,,"$300,000.00 ",Chicago,U.S.,First name Last name,6/26/2007 11:50,,190 bikes this year.,,Allow,Allow,Allow,Allow,someone@example.com,,,,"3,600.00",,Ruth,,Entertainment Retail,Purchasing Assistant,,Choin,Advertisement,A.,,First name Last name,6/26/2007 11:50,95,,Jose Curry,,Mail,,Hot,,Ms.,Yes,,,IL,Open,New,68 S. Adams Way,,,Will be ordering about 190 bikes this year.,,,,,,70726,1,-1,12,21,42,45
Russell King,Daring Rides,,Default Value,,,,,,,,555-0147,,,,,,,,,,,,,,,,,,,,,,,,,"$30,000.00 ",Phoenix,U.S.,First name Last name,6/26/2007 11:50,,Entered our bike give-away marketing contest.,,Allow,Allow,Allow,Allow,someone@example.com,,,,"18,000.00",,Russell,,Entertainment Retail,Owner,,King,Other,,,First name Last name,6/26/2007 11:50,5,,Patricia San Juan,,E-mail,,Cold,,Mr.,Yes,,,AZ,Open,New,12345 10th Ave SW,,,Good prospect for frames,,,,,,55332,0,8,14,21,42,45
Ronald Adina,New Bikes Company,,Default Value,,,,,,,,555-0135,,,,,,,,,,,,,,,,,,,,,,,,,"$150,000.00 ",Campbellsville,U.S.,First name Last name,6/26/2007 11:50,,Entered our bike give-away marketing contest.,,Allow,Allow,Allow,Allow,someone@example.com,,,,"54,000.00",,Ronald,,Entertainment Retail,Purchasing Assistant,,Adina,Other,L.,,First name Last name,6/26/2007 11:50,40,,Patricia San Juan,,Any,,Cold,,Mr.,Yes,,,KY,Disqualified,Lost,7890 S. Columbia Ave,,,Good prospect for frames,,,,,,62964,0,8,29,21,42,45
Robert Stotka,Gift and Toy Store,,Default Value,,,,,,,,555-0168,,,,,,,,,,,,,,,,,,,,,,,,,"$150,000.00 ",Dallas,U.S.,First name Last name,6/26/2007 11:50,,Referred by one of Adventure Works employees.,,Allow,Allow,Do Not Allow,Allow,someone@example.com,,,,"23,000.00",,Robert,,Entertainment Retail,Purchasing Manager,,Stotka,Employee Referral,B.,,First name Last name,6/26/2007 11:50,37,,Alan Jackson,,Phone,,Warm,,Mr.,Yes,,,TX,Open,New,3456 John Street,,,50 mountain bikes,,,,,,95626,1,-1,12,21,42,45
Robert Brown,Best o' Bikes,,Default Value,,,,,,,,555-0135,,,,,,,,,,,,,,,,,,,,,,,,,"$80,000.00 ",Bothell,U.S.,First name Last name,6/26/2007 11:50,,Referred by one of Adventure Works employees.,,Allow,Do Not Allow,Allow,Allow,someone@example.com,,,,"23,000.00",,Robert,,Entertainment Retail,Purchasing Manager,,Brown,Employee Referral,,,First name Last name,6/26/2007 11:50,10,,Jose Curry,,E-mail,,Warm,,Mr.,Yes,,,WA,Open,New,100 806th Parkway West,,,27 mountain bikes,,,,,,20937,1,1,13,21,42,45
Robert Ahlering,Fun Toys and Bikes,,Default Value,,,,,,,,555-0173,,,,,,,,,,,,,,,,,,,,,,,,,"$30,000.00 ",Norwood,U.S.,First name Last name,6/26/2007 11:50,,Advertising campaign lead,,Do Not Allow,Allow,Allow,Allow,someone@example.com,,,,"32,000.00",,Robert,,Entertainment Retail,Owner,,Ahlering,Other,E.,,First name Last name,6/26/2007 11:50,2,,Alan Jackson,,Any,,Hot,,Mr.,Yes,,,MA,Qualified,Qualified,1234 8th St. SW,,,Some interest in 60 road bikes,,,,,,22308,1,-2,23,21,42,45
Richard Lum,Larger Cycle Shop,,Default Value,,,,,,,,555-0135,,,,,,,,,,,,,,,,,,,,,,,,,"$300,000.00 ",Fargo,U.S.,First name Last name,6/26/2007 11:50,,Entered our bike give-away marketing contest.,,Allow,Allow,Allow,Allow,someone@example.com,,,,"54,000.00",,Richard,,Entertainment Retail,Purchasing Assistant,,Lum,Other,,,First name Last name,6/26/2007 11:50,83,,Patricia San Juan,,Any,,Cold,,Mr.,Yes,,,ND,Disqualified,Lost,67890 Cherry Lane Road,Suite 500,,Good prospect for frames,,,,,,12830,1,-2,23,21,42,45
Richard Bready,Latest Sports Equipment,,Default Value,,,,,,,,555-0135,,,,,,,,,,,,,,,,,,,,,,,,,"$80,000.00 ",Westminster,U.S.,First name Last name,6/26/2007 11:50,,Entered our bike give-away marketing contest.,,Allow,Allow,Allow,Allow,someone@example.com,,,,"18,000.00",,Richard,,Entertainment Retail,Owner,,Bready,Other,,,First name Last name,6/26/2007 11:50,14,,Gail Erickson,,Phone,,Cold,,Mr.,Yes,,,CO,Open,New,567 West 88th Ave.,,,Good prospect for frames,,,,,,10027,1,-2,23,21,42,45
Ramona Antrim,Novelty Bikes,,Default Value,,,,,,,,555-0172,,,,,,,,,,,,,,,,,,,,,,,,,"$300,000.00 ",Port Orchard,U.S.,First name Last name,6/26/2007 11:50,,Yellow Pages,,Allow,Do Not Allow,Allow,Allow,someone@example.com,,,,"66,000.00",,Ramona,,Entertainment Retail,Purchasing Assistant,,Antrim,Other,J.,,First name Last name,6/26/2007 11:50,70,,Patricia San Juan,,E-mail,,Warm,,Ms.,Yes,,,WA,Open,New,Jackson and Ninth St.,,,New store opened this year - follow up,,,,,,20971,0,8,29,21,42,45
Peggy Justice,Basic Bike Company,,Default Value,,,,,,,,555-0135,,,,,,,,,,,,,,,,,,,,,,,,,"$80,000.00 ",Pontiac,U.S.,First name Last name,6/26/2007 11:50,,Advertising campaign lead,,Do Not Allow,Do Not Allow,Allow,Allow,someone@example.com,,,,"32,000.00",,Peggy,,Entertainment Retail,Owner,,Justice,Other,J.,,First name Last name,6/26/2007 11:50,14,,Gail Erickson,,Mail,,Hot,,Ms.,Yes,,,MI,Open,New,7889 North Wire Rd.,,,Mailed an interest card back for road bikes,,,,,,68587,1,-2,23,21,42,45
Paul Fulton,Blue Bicycle Company,,Default Value,,,,,,,,555-0127,,,,,,,,,,,,,,,,,,,,,,,,,"$150,000.00 ",Milford,U.S.,First name Last name,6/26/2007 11:50,,Yellow Pages,,Allow,Allow,Allow,Allow,someone@example.com,,,,"44,000.00",,Paul,,Entertainment Retail,Purchasing Manager,,Fulton,Other,J.,,First name Last name,6/26/2007 11:50,40,,Patricia San Juan,,Phone,,Warm,,Mr.,Yes,,,CT,Open,New,CT MALL,Suite 400,,New store opened this year - follow up,,,,,,74724,1,-1,12,21,42,45
Paul Alcorn,Major Sport Suppliers,,Default Value,,,,,,,,555-0125,,,,,,,,,,,,,,,,,,,,,,,,,"$300,000.00 ",Chicago,U.S.,First name Last name,6/26/2007 11:50,,Yellow Pages,,Allow,Do Not Allow,Allow,Allow,someone@example.com,,,,"66,000.00",,Paul,,Entertainment Retail,Purchasing Assistant,,Alcorn,Other,L.,,First name Last name,6/26/2007 11:50,52,,Gail Erickson,,E-mail,,Warm,,Mr.,Yes,,,IL,Qualified,Qualified,100 72nd Plaza Drive,Ste. 123,,Likes our mountain bikes,,,,,,80849,1,1,13,21,42,45
Patricia Doyle,Racing Bike Outlet,,Default Value,,,,,,,,555-0135,,,,,,,,,,,,,,,,,,,,,,,,,"$300,000.00 ",Sand city,U.S.,First name Last name,6/26/2007 11:50,,Yellow Pages,,Allow,Allow,Allow,Allow,someone@example.com,,,,"66,000.00",,Patricia,,Entertainment Retail,Purchasing Assistant,,Doyle,Other,,,First name Last name,6/26/2007 11:50,52,,Gail Erickson,,Mail,,Warm,,Ms.,Yes,,,CA,Qualified,Qualified,890 Red Road,,,600 of the Road 650 and Road 750,,,,,,20530,0,8,14,21,42,45
Pamela Cox,Elemental Sporting Goods,,Default Value,,,,,,,,555-0170,,,,,,,,,,,,,,,,,,,,,,,,,"$150,000.00 ",Memphis,U.S.,First name Last name,6/26/2007 11:50,,Yellow Pages,,Allow,Allow,Allow,Allow,someone@example.com,,,,"44,000.00",,Pamela,,Entertainment Retail,Purchasing Manager,,Cox,Other,R.,,First name Last name,6/26/2007 11:50,49,,Patricia San Juan,,Mail,,Warm,,Ms.,Yes,,,TN,Open,New,789 Pecan St.,,,New store opened this year - follow up,,,,,,58365,0,8,14,21,42,45
Oscar Alpuerto,Bold Bike Accessories,,Default Value,,,,,,,,555-0135,,,,,,,,,,,,,,,,,,,,,,,,,"$300,000.00 ",Topeka,U.S.,First name Last name,6/26/2007 11:50,,Entered our bike give-away marketing contest.,,Allow,Allow,Allow,Allow,someone@example.com,,,,"54,000.00",,Oscar,,Entertainment Retail,Purchasing Assistant,,Alpuerto,Other,L.,,First name Last name,6/26/2007 11:50,58,,Jose Curry,,Any,,Cold,,Mr.,Yes,,,KA,Qualified,Qualified,1234 Canyon Road,Ste. 312,,Follow-up with information regarding Mountain bikes,,,,,,20593,0,8,29,21,42,45
Orlando Gee,A Bike Store,,Default Value,,,,,,,,555-0159,,,,,,,,,,,,,,,,,,,,,,,,,"$30,000.00 ",Bothell,U.S.,First name Last name,6/26/2007 11:50,,"Recontact them, their situation has changed.",,Allow,Allow,Allow,Allow,someone@example.com,,,,"25,500.00",,Orlando,,Entertainment Retail,Owner,,Gee,,N.,,First name Last name,6/26/2007 11:50,2,,Gail Erickson,,Fax,,Warm,,Mr.,Yes,,,WA,Open,New,1001 SouthWest Ave.,Suite 100,,Store is expanding - send new literature,,,,,,20937,0,9,29,21,42,45
Olga Stevens,Maintenance and Repair for Bicycles,,Default Value,,,,,,,,555-0199,,,,,,,,,,,,,,,,,,,,,,,,,"$150,000.00 ",Bothell,U.S.,First name Last name,6/26/2007 11:50,,Advertising campaign lead,,Do Not Allow,Allow,Allow,Allow,someone@example.com,,,,"64,000.00",,Olga,,Entertainment Retail,Purchasing Manager,,Stevens,Other,M.,,First name Last name,6/26/2007 11:50,42,,Alan Jackson,,Any,,Hot,,Ms.,Yes,,,WA,Open,New,6778 Lucky Drive,,,Mailed an interest card back for road bikes,,,,,,20937,0,9,29,21,42,45
Nieves Vargas,Exhilarating Cycles,,Default Value,,,,,,,,555-0177,,,,,,,,,,,,,,,,,,,,,,,,,"$150,000.00 ",Simi valley,U.S.,First name Last name,6/26/2007 11:50,,Yellow Pages,,Allow,Do Not Allow,Allow,Allow,someone@example.com,,,,"66,000.00",,Nieves,,Entertainment Retail,Purchasing Assistant,,Vargas,Other,J.,,First name Last name,6/26/2007 11:50,43,,Patricia San Juan,,Any,,Warm,,Mr.,Yes,,,CA,Open,New,Arrowwood Center,,,New store opened this year - follow up,,,,,,20441,0,8,14,21,42,45
Nicky Chesnut,Full-Service Bike Store,,Default Value,,,,,,,,555-0135,,,,,,,,,,,,,,,,,,,,,,,,,"$150,000.00 ",Winston-Salem,U.S.,First name Last name,6/26/2007 11:50,,Found us on the web,,Allow,Do Not Allow,Allow,Allow,someone@example.com,,,,"51,000.00",,Nicky,,Entertainment Retail,Purchasing Manager,,Chesnut,Web,E.,,First name Last name,6/26/2007 11:50,39,,Jose Curry,,Any,,Warm,,Ms.,Yes,,,NC,Qualified,Qualified,890123 54th St. S,,,"36 touring bikes, 2000 series in several sizes",,,,,,47349,0,8,14,21,42,45
Nancy Hirota,Seventh Bike Store,,Default Value,,,,,,,,555-0162,,,,,,,,,,,,,,,,,,,,,,,,,"$30,000.00 ",Hamden,U.S.,First name Last name,6/26/2007 11:50,,4 bikes this year.,,Allow,Allow,Allow,Allow,someone@example.com,,,,"1,200.00",,Nancy,,Entertainment Retail,Owner,,Hirota,Advertisement,E.,,First name Last name,6/26/2007 11:50,2,,Patricia San Juan,,Any,,Hot,,Ms.,Yes,,,CT,Open,New,4567 123rd NE,,,Will be ordering about 4 bikes this year.,,,,,,85393,0,8,14,21,42,45
Mike Hines,Northwind Traders,,Default Value,,,,,,,,555-0135,,,,,,,,,,,,,,,,,,,,,,,,,"$30,000.00 ",Laredo,U.S.,First name Last name,6/26/2007 11:50,,Referred by one of Adventure Works employees.,,Allow,Allow,Allow,Allow,someone@example.com,,,,"11,500.00",,Mike,,Entertainment Retail,Owner,,Hines,Employee Referral,,,First name Last name,6/26/2007 11:50,6,,Alan Jackson,,Fax,,Warm,,Mr.,Yes,,,TX,Qualified,Qualified,567 Kennedy Boulevard,,,3 road and touring bikes,,,,,,98291,0,8,29,21,42,45
Mike Danseglio,Professional Sporting Goods,,Default Value,,,,,,,,555-0164,,,,,,,,,,,,,,,,,,,,,,,,,"$300,000.00 ",Millington,U.S.,First name Last name,6/26/2007 11:50,,Advertising campaign lead,,Do Not Allow,Allow,Allow,Allow,someone@example.com,,,,"96,000.00",,Mike,,Entertainment Retail,Purchasing Assistant,,Danseglio,Other,,,First name Last name,6/26/2007 11:50,94,,Patricia San Juan,,Mail,,Hot,,Mr.,Yes,,,TN,Open,New,4321 SE Phillips Ferry Highway,,,Mailed an interest card back for road bikes,,,,,,58299,0,8,29,21,42,45
Mike Choi,Grand Discount Store,,Default Value,,,,,,,,555-0189,,,,,,,,,,,,,,,,,,,,,,,,,"$300,000.00 ",Mansfield,U.S.,First name Last name,6/26/2007 11:50,,188 bikes this year.,,Allow,Allow,Allow,Allow,someone@example.com,,,,"3,600.00",,Mike,,Entertainment Retail,Purchasing Assistant,,Choi,Advertisement,M.,,First name Last name,6/26/2007 11:50,94,,Patricia San Juan,,Fax,,Hot,,Mr.,Yes,,,OH,Open,New,John Winter Mall,,,Will be ordering about 188 bikes this year.,,,,,,55030,1,-2,23,21,42,45
Michael Vanderhyde,Solid Bike Parts,,Default Value,,,,,,,,555-0168,,,,,,,,,,,,,,,,,,,,,,,,,"$300,000.00 ",Denver,U.S.,First name Last name,6/26/2007 11:50,,Entered our bike give-away marketing contest.,,Allow,Allow,Allow,Allow,someone@example.com,,,,"54,000.00",,Michael,,Entertainment Retail,Purchasing Assistant,,Vanderhyde,Other,,,First name Last name,6/26/2007 11:50,99,,Alan Jackson,,E-mail,,Cold,,Mr.,Yes,,,CO,Qualified,Qualified,Northwest Colorado Blvd.,,,Likes the Touring-2000,,,,,,10046,1,-2,23,21,42,45
Megan Davis,Rugged Bikes,,Default Value,,,,,,,,555-0134,,,,,,,,,,,,,,,,,,,,,,,,,"$300,000.00 ",Upland,U.S.,First name Last name,6/26/2007 11:50,,Advertising campaign lead,,Do Not Allow,Allow,Allow,Allow,someone@example.com,,,,"96,000.00",,Megan,,Entertainment Retail,Purchasing Assistant,,Davis,Other,N.,,First name Last name,6/26/2007 11:50,95,,Gail Erickson,,E-mail,,Hot,,Ms.,Yes,,,CA,Qualified,Qualified,MOUNTAIN SQUARE,,,47 Mountain-400 and Mountain-400-W.,,,,,,20313,1,-1,12,21,42,45
Matthew Hink,Running and Cycling Gear,,Default Value,,,,,,,,555-0131,,,,,,,,,,,,,,,,,,,,,,,,,"$30,000.00 ",Somerset,U.S.,First name Last name,6/26/2007 11:50,,Referred by one of Adventure Works employees.,,Allow,Allow,Allow,Allow,someone@example.com,,,,"11,500.00",,Matthew,,Entertainment Retail,Owner,,Hink,Employee Referral,,,First name Last name,6/26/2007 11:50,4,,Gail Erickson,,Any,,Warm,,Mr.,Yes,,,KY,Open,New,45677 Valley Way,,,10 mountain bikes,,,,,,62747,1,-1,22,21,42,45
Matthew Hagemann,Games and Sport Supply Company,,Default Value,,,,,,,,555-0119,,,,,,,,,,,,,,,,,,,,,,,,,"$150,000.00 ",Fremont,U.S.,First name Last name,6/26/2007 11:50,,Entered our bike give-away marketing contest.,,Allow,Allow,Allow,Allow,someone@example.com,,,,"36,000.00",,Matthew,,Entertainment Retail,Purchasing Manager,,Hagemann,Other,M.,,First name Last name,6/26/2007 11:50,48,,Patricia San Juan,,Any,,Cold,,Mr.,Yes,,,CA,Open,New,4567 Hoover Road,Ste. 100,,Good prospect for frames,,,,,,10466,1,-2,23,21,42,45
Marvin Allen,Mountain Toy Store,,Default Value,,,,,,,,555-0195,,,,,,,,,,,,,,,,,,,,,,,,,"$80,000.00 ",Federal Way,U.S.,First name Last name,6/26/2007 11:50,,Yellow Pages,,Allow,Allow,Allow,Allow,someone@example.com,,,,"22,000.00",,Marvin,,Entertainment Retail,Owner,,Allen,Other,N.,,First name Last name,6/26/2007 11:50,17,,Alan Jackson,,Fax,,Warm,,Mr.,Yes,,,WA,Open,New,222 SOUTH 314TH STREET,,,New store opened this year - follow up,,,,,,20935,0,9,29,21,42,45
Mark Harrington,Metropolitan Sports Supply,,Default Value,,,,,,,,555-0155,,,,,,,,,,,,,,,,,,,,,,,,,"$80,000.00 ",Oklahoma City,U.S.,First name Last name,6/26/2007 11:50,,"Recontact them, their situation has changed.",,Allow,Allow,Allow,Allow,someone@example.com,,,,"51,000.00",,Mark,,Entertainment Retail,Purchasing Manager,,Harrington,,,,First name Last name,6/26/2007 11:50,13,,Gail Erickson,,Any,,Warm,,Mr.,Yes,,,OK,Qualified,Qualified,45671 City Street,,,160 Road-450,,,,,,66496,0,9,29,21,42,45
Marian Berch,Margie's Travel,,Default Value,,,,,,,,555-0103,,,,,,,,,,,,,,,,,,,,,,,,,"$300,000.00 ",Bell Gardens,U.S.,First name Last name,6/26/2007 11:50,,Advertising campaign lead,,Do Not Allow,Allow,Do Not Allow,Allow,someone@example.com,,,,"96,000.00",,Marian,,Entertainment Retail,Purchasing Assistant,,Berch,Other,M.,,First name Last name,6/26/2007 11:50,90,,Gail Erickson,,E-mail,,Hot,,Ms.,Yes,,,CA,Qualified,Qualified,123 Eastern Ave.,,,Interested in 45 Mountain Bikes,,,,,,10032,0,8,14,21,42,45
Margaret Adams,Bicycle Accessories and Kits,,Default Value,,,,,,,,555-0133,,,,,,,,,,,,,,,,,,,,,,,,,"$30,000.00 ",Spokane,U.S.,First name Last name,6/26/2007 11:50,,Found us on the web,,Allow,Allow,Allow,Allow,someone@example.com,,,,"25,500.00",,Margaret,,Entertainment Retail,Owner,,Adams,Web,J.,,First name Last name,6/26/2007 11:50,9,,Gail Erickson,,Any,,Warm,,Ms.,Yes,,,WA,Open,New,71890 Main Street,,,They have an on-line store only for mountain bikes,,,,,,20955,0,8,29,21,42,45
Mae Black,Historic Bicycle Sales,,Default Value,,,,,,,,555-0164,,,,,,,,,,,,,,,,,,,,,,,,,"$150,000.00 ",Vacaville,U.S.,First name Last name,6/26/2007 11:50,,Advertising campaign lead,,Do Not Allow,Allow,Allow,Allow,someone@example.com,,,,"64,000.00",,Mae,,Entertainment Retail,Purchasing Manager,,Black,Other,M.,,First name Last name,6/26/2007 11:50,40,,Patricia San Juan,,E-mail,,Hot,,Ms.,Yes,,,CA,Open,New,98775 Main Street,,,Mailed an interest card back for road bikes,,,,,,20704,1,1,22,21,42,45
Luis Bonifaz,Economy Bikes Company,,Default Value,,,,,,,,555-0161,,,,,,,,,,,,,,,,,,,,,,,,,"$150,000.00 ",Huntsville,U.S.,First name Last name,6/26/2007 11:50,,Yellow Pages,,Allow,Allow,Allow,Allow,someone@example.com,,,,"44,000.00",,Luis,,Entertainment Retail,Purchasing Manager,,Bonifaz,Other,,,First name Last name,6/26/2007 11:50,43,,Gail Erickson,,E-mail,,Warm,,Sr.,Yes,,,AL,Open,New,234 Electric Blvd.,,,New store opened this year - follow up,,,,,,20717,1,0,23,21,42,45
Linda Blasingame,Travel Systems,,Default Value,,,,,,,,555-0100,,,,,,,,,,,,,,,,,,,,,,,,,"$80,000.00 ",San Ramon,U.S.,First name Last name,6/26/2007 11:50,,Referred by one of Adventure Works employees.,,Allow,Allow,Allow,Allow,someone@example.com,,,,"11,500.00",,Linda,,Entertainment Retail,Owner,,Blasingame,Employee Referral,E.,,First name Last name,6/26/2007 11:50,19,,Alan Jackson,,Fax,,Warm,,Ms.,Yes,,,CA,Qualified,Qualified,Canyon Park Ave,Ste. 123,,160 bikes.,,,,,,20593,0,10,14,21,42,45
Lee Chapla,Good Bike Shop,,Default Value,,,,,,,,555-0135,,,,,,,,,,,,,,,,,,,,,,,,,"$80,000.00 ",Cedar Park,U.S.,First name Last name,6/26/2007 11:50,,28 bikes this year.,,Allow,Allow,Allow,Allow,someone@example.com,,,,"1,200.00",,Lee,,Entertainment Retail,Owner,,Chapla,Advertisement,J.,,First name Last name,6/26/2007 11:50,14,,Jose Curry,,Any,,Hot,,Mr.,Yes,,,TX,Open,New,LAKE MALL,Ste. 500,,Will be ordering about 28 bikes this year.,,,,,,88736,0,10,14,21,42,45
Lawrence Hurkett,Retail Sporting Goods,,Default Value,,,,,,,,555-0135,,,,,,,,,,,,,,,,,,,,,,,,,"$300,000.00 ",Greensboro,U.S.,First name Last name,6/26/2007 11:50,,Referred by one of Adventure Works employees.,,Allow,Allow,Allow,Allow,someone@example.com,,,,"34,500.00",,Lawrence,,Entertainment Retail,Purchasing Assistant,,Hurkett,Employee Referral,E.,,First name Last name,6/26/2007 11:50,92,,Gail Erickson,,E-mail,,Warm,,Mr.,Yes,,,NC,Open,New,123 Green St. NE,,,100 mountain bikes,,,,,,47666,0,10,14,21,42,45
Kirk DeGrasse,Outdoor Equipment Store,,Default Value,,,,,,,,555-0122,,,,,,,,,,,,,,,,,,,,,,,,,"$300,000.00 ",Reno,U.S.,First name Last name,6/26/2007 11:50,,Referred by one of Adventure Works employees.,,Allow,Allow,Allow,Allow,someone@example.com,,,,"34,500.00",,Kirk,,Entertainment Retail,Purchasing Assistant,,DeGrasse,Employee Referral,,,First name Last name,6/26/2007 11:50,89,,Patricia San Juan,,Any,,Warm,,Mr.,Yes,,,NV,Open,New,7788 Autumn Drive,,,100 mountain bikes,,,,,,12789,0,11,29,21,42,45
Kimberly Harrington,Exemplary Cycles,,Default Value,,,,,,,,555-0186,,,,,,,,,,,,,,,,,,,,,,,,,"$80,000.00 ",Kent,U.S.,First name Last name,6/26/2007 11:50,,"Recontact them, their situation has changed.",,Allow,Allow,Allow,Allow,someone@example.com,,,,"51,000.00",,Kimberly,,Entertainment Retail,Purchasing Manager,,Harrington,,Beth,,First name Last name,6/26/2007 11:50,16,,Patricia San Juan,,Fax,,Warm,,Ms.,Yes,,,WA,Open,New,678 Brown St.,,,Store is expanding - send new literature,,,,,,20939,1,0,23,21,42,45
Kendra Thompson,Vintage Sport Boutique,,Default Value,,,,,,,,555-0199,,,,,,,,,,,,,,,,,,,,,,,,,"$30,000.00 ",Phoenix,U.S.,First name Last name,6/26/2007 11:50,,4 bikes this year.,,Allow,Do Not Allow,Allow,Allow,someone@example.com,,,,"1,200.00",,Kendra,,Entertainment Retail,Owner,,Thompson,Advertisement,N.,,First name Last name,6/26/2007 11:50,2,,Gail Erickson,,Any,,Hot,,Ms.,Yes,,,AZ,Disqualified,Lost,4567 Main Ave. W,,,Will be ordering about 4 bikes this year.,,,,,,10526,1,0,23,21,42,45
Ken Kwok,Largest Bike Store,,Default Value,,,,,,,,555-0102,,,,,,,,,,,,,,,,,,,,,,,,,"$30,000.00 ",Boise,U.S.,First name Last name,6/26/2007 11:50,,Found us on the web,,Allow,Allow,Allow,Allow,someone@example.com,,,,"25,500.00",,Ken,,Entertainment Retail,Owner,,Kwok,Web,,,First name Last name,6/26/2007 11:50,7,,Alan Jackson,,Any,,Warm,,Mr.,Yes,,,ID,Open,New,3456 8th St.,,,They have an on-line store only for mountain bikes,,,,,,89067,1,0,23,21,42,45
Kayla Stotler,Major Sporting Goods,,Default Value,,,,,,,,555-0158,,,,,,,,,,,,,,,,,,,,,,,,,"$150,000.00 ",Park City,U.S.,First name Last name,6/26/2007 11:50,,Referred by one of Adventure Works employees.,,Allow,Allow,Allow,Allow,someone@example.com,,,,"23,000.00",,Kayla,,Entertainment Retail,Purchasing Manager,,Stotler,Employee Referral,M.,,First name Last name,6/26/2007 11:50,36,,Patricia San Juan,,Any,,Warm,,Ms.,Yes,,,UT,Open,New,67890 Shady Lane,,,50 mountain bikes,,,,,,10434,1,1,12,21,42,45
Karren Burkhardt,Fifth Bike Store,,Default Value,,,,,,,,555-0160,,,,,,,,,,,,,,,,,,,,,,,,,"$100,000.00 ",Indianapolis,U.S.,First name Last name,6/26/2007 11:50,,Entered our bike give-away marketing contest.,,Allow,Allow,Allow,Allow,someone@example.com,,,,"36,000.00",,Karren,,Entertainment Retail,Purchasing Manager,,Burkhardt,Other,K.,,First name Last name,6/26/2007 11:50,25,,Gail Erickson,,Fax,,Cold,,Ms.,Yes,,,IN,Qualified,Qualified,2332 Flower Street,,,Mountain Bikes - maybe 50,,,,,,66496,1,1,12,21,42,45
Karel Bates,Bike Boutique,,Default Value,,,,,,,,555-0159,,,,,,,,,,,,,,,,,,,,,,,,,"$150,000.00 ",Michigan City,U.S.,First name Last name,6/26/2007 11:50,,Yellow Pages,,Allow,Allow,Allow,Allow,someone@example.com,,,,"66,000.00",,Karel,,Entertainment Retail,Purchasing Assistant,,Bates,Other,E.,,First name Last name,6/26/2007 11:50,49,,Patricia San Juan,,Fax,,Warm,,Ms.,Yes,,,IN,Open,New,67 North Willow Street,,,New store opened this year - follow up,,,,,,66606,1,3,13,21,42,45
Judy Lew,Go-cart and Bike Specialists,,Default Value,,,,,,,,555-0175,,,,,,,,,,,,,,,,,,,,,,,,,"$300,000.00 ",Salt Lake City,U.S.,First name Last name,6/26/2007 11:50,,Found us on the web,,Allow,Allow,Allow,Allow,someone@example.com,,,,"76,500.00",,Judy,,Entertainment Retail,Purchasing Assistant,,Lew,Web,,,First name Last name,6/26/2007 11:50,90,,Jose Curry,,Any,,Warm,,Ms.,Yes,,,UT,Open,New,3112 South 45th,,,They have an on-line store only for mountain bikes,,,,,,10436,0,10,14,21,42,45
Judith Frazier,Convenient Bike Shop,,Default Value,,,,,,,,555-0165,,,,,,,,,,,,,,,,,,,,,,,,,"$150,000.00 ",Bell Gardens,U.S.,First name Last name,6/26/2007 11:50,,Found us on the web,,Allow,Allow,Allow,Allow,someone@example.com,,,,"51,000.00",,Judith,,Entertainment Retail,Purchasing Manager,,Frazier,Web,B.,,First name Last name,6/26/2007 11:50,46,,Patricia San Juan,,E-mail,,Warm,,Ms.,Yes,,,CA,Open,New,123 Western Avenue,,,They have an on-line store only for mountain bikes,,,,,,20155,1,3,13,21,42,45
Joy Koski,Scooters and Bikes Store,,Default Value,,,,,,,,555-0169,,,,,,,,,,,,,,,,,,,,,,,,,"$80,000.00 ",San Antonio,U.S.,First name Last name,6/26/2007 11:50,,28 bikes this year.,,Allow,Allow,Allow,Allow,someone@example.com,,,,"1,200.00",,Joy,,Entertainment Retail,Owner,,Koski,Advertisement,R.,,First name Last name,6/26/2007 11:50,14,,Jose Curry,,E-mail,,Hot,,Ms.,Yes,,,TX,Qualified,Qualified,56789 Stars Roadway,,,They sell lots of accessories; get them the complete catalog,,,,,,20175,0,10,14,21,42,45
Jovita Carmody,Sports Commodities,,Default Value,,,,,,,,555-0128,,,,,,,,,,,,,,,,,,,,,,,,,"$150,000.00 ",Everett,U.S.,First name Last name,6/26/2007 11:50,,Referred by one of Adventure Works employees.,,Allow,Allow,Allow,Allow,someone@example.com,,,,"23,000.00",,Jovita,,Entertainment Retail,Purchasing Manager,,Carmody,Employee Referral,A.,,First name Last name,6/26/2007 11:50,32,,Gail Erickson,,Fax,,Warm,,Ms.,Yes,,,WA,Open,New,89123 Broken Branch Drive,,,50 mountain bikes,,,,,,20955,0,10,29,21,42,45
John Long,Exotic Bikes,,Default Value,,,,,,,,555-0188,,,,,,,,,,,,,,,,,,,,,,,,,"$300,000.00 ",Maryville,U.S.,First name Last name,6/26/2007 11:50,,Yellow Pages,,Allow,Allow,Allow,Allow,someone@example.com,,,,"66,000.00",,John,,Entertainment Retail,Purchasing Assistant,,Long,Other,K.,,First name Last name,6/26/2007 11:50,73,,Patricia San Juan,,Fax,,Warm,,Mr.,Yes,,,TN,Disqualified,Lost,6789 45th St. SW,,,New store opened this year - follow up,,,,,,58047,0,10,29,21,42,45
John Donovan,Weekend Tours,,Default Value,,,,,,,,555-0149,,,,,,,,,,,,,,,,,,,,,,,,,"$30,000.00 ",Laredo,U.S.,First name Last name,6/26/2007 11:50,,Yellow Pages,,Allow,Allow,Allow,Allow,someone@example.com,,,,"22,000.00",,John,,Entertainment Retail,Owner,,Donovan,Other,T.,,First name Last name,6/26/2007 11:50,9,,Jose Curry,,E-mail,,Warm,,Mr.,Yes,,,TX,Qualified,Qualified,321 SE 56th STREET,,,10-15 Touring Bikes this spring,,,,,,20935,0,11,29,21,42,45
John Colon,Two Wheels Cycle Store,,Default Value,,,,,,,,555-0146,,,,,,,,,,,,,,,,,,,,,,,,,"$80,000.00 ",Millington,U.S.,First name Last name,6/26/2007 11:50,,26 bikes this year.,,Allow,Allow,Allow,Allow,someone@example.com,,,,"2,400.00",,John,,Entertainment Retail,Purchasing Manager,,Colon,Advertisement,L.,,First name Last name,6/26/2007 11:50,13,,Gail Erickson,,Any,,Hot,,Mr.,Yes,,,TN,Qualified,Qualified,7890 Bell Avenue,,,27 touring bikes,,,,,,58299,0,11,29,21,42,45
Jimmy Bischoff,World Bike Discount Store,,Default Value,,,,,,,,555-0163,,,,,,,,,,,,,,,,,,,,,,,,,"$150,000.00 ",Millington,U.S.,First name Last name,6/26/2007 11:50,,76 bikes this year.,,Allow,Do Not Allow,Allow,Allow,someone@example.com,,,,"2,400.00",,Jimmy,,Entertainment Retail,Purchasing Manager,,Bischoff,Advertisement,,,First name Last name,6/26/2007 11:50,38,,Gail Erickson,,Phone,,Hot,,Mr.,Yes,,,TN,Qualified,Qualified,5678 100th Ave,,,114 bikes of various models.,,,,,,58299,1,0,23,21,42,45
Jeffrey Kurtz,Many Bikes Store,,Default Value,,,,,,,,555-0191,,,,,,,,,,,,,,,,,,,,,,,,,"$30,000.00 ",Boise,U.S.,First name Last name,6/26/2007 11:50,,12 bikes this year.,,Allow,Allow,Allow,Allow,someone@example.com,,,,"1,200.00",,Jeffrey,,Entertainment Retail,Owner,,Kurtz,Advertisement,,,First name Last name,6/26/2007 11:50,6,,Gail Erickson,,Any,,Hot,,Mr.,Yes,,,ID,Disqualified,Lost,45678 46th Ave West,Super Mall,,Will be ordering about 12 bikes this year.,,,,,,71983,1,0,23,21,42,45
Jeanie Glenn,Big-Time Bike Store,,Default Value,,,,,,,,555-0157,,,,,,,,,,,,,,,,,,,,,,,,,"$300,000.00 ",Spokane,U.S.,First name Last name,6/26/2007 11:50,,Referred by one of Adventure Works employees.,,Allow,Allow,Allow,Allow,someone@example.com,,,,"34,500.00",,Jeanie,,Entertainment Retail,Purchasing Assistant,,Glenn,Employee Referral,R.,,First name Last name,6/26/2007 11:50,96,,Gail Erickson,,Mail,,Warm,,Ms.,Yes,,,WA,Open,New,456 N DIVISION ST,,,100 mountain bikes,,,,,,21056,1,1,12,21,42,45
Jeanette Cole,Famous Bike Sales and Service,,Default Value,,,,,,,,555-0124,,,,,,,,,,,,,,,,,,,,,,,,,"$100,000.00 ",Santa Ana,U.S.,First name Last name,6/26/2007 11:50,,Referred by one of Adventure Works employees.,,Allow,Allow,Allow,Allow,someone@example.com,,,,"23,000.00",,Jeanette,,Entertainment Retail,Purchasing Manager,,Cole,Employee Referral,R.,,First name Last name,6/26/2007 11:50,25,,Patricia San Juan,,E-mail,,Warm,,Ms.,Yes,,,CA,Open,New,3 East Pecan Dr.,,,33 mountain bikes,,,,,,20405,1,3,13,21,42,45
Jay Adams,"Litware, Inc.",,Default Value,,,,,,,,555-0108,,,,,,,,,,,,,,,,,,,,,,,,,"$300,000.00 ",HoU.S.ton,U.S.,First name Last name,6/26/2007 11:50,,Entered our bike give-away marketing contest.,,Allow,Allow,Allow,Allow,someone@example.com,,,,"54,000.00",,Jay,,Entertainment Retail,Purchasing Assistant,,Adams,Other,,,First name Last name,6/26/2007 11:50,66,,Alan Jackson,,Any,,Cold,,Mr.,Yes,,,TX,Qualified,Qualified,990 Mountain Hill Blvd,,,"Wants literature on touring frames, bikes, and saddles.",,,,,,97300,0,10,29,21,42,45
Janet Gates,Modular Cycle Systems,,Default Value,,,,,,,,555-0117,,,,,,,,,,,,,,,,,,,,,,,,,"$30,000.00 ",Puyallup,U.S.,First name Last name,6/26/2007 11:50,,"Recontact them, their situation has changed.",,Allow,Allow,Allow,Allow,someone@example.com,,,,"25,500.00",,Janet,,Entertainment Retail,Owner,,Gates,,M.,,First name Last name,6/26/2007 11:50,5,,Alan Jackson,,Mail,,Warm,,Ms.,Yes,,,WA,Open,New,1234 MERIDIAN BLVD EAST,,,Store is expanding - send new literature,,,,,,20972,1,0,23,21,42,45
Jan Miksovsky,Village Tours,,Default Value,,,,,,,,555-0131,,,,,,,,,,,,,,,,,,,,,,,,,"$150,000.00 ",Memphis,U.S.,First name Last name,6/26/2007 11:50,,74 bikes this year.,,Allow,Allow,Allow,Allow,someone@example.com,,,,"2,400.00",,Jan,,Entertainment Retail,Purchasing Manager,,Miksovsky,Advertisement,,,First name Last name,6/26/2007 11:50,37,,Patricia San Juan,,Any,,Hot,,Mr.,Yes,,,TN,Open,New,21 West Avon Road,Suite 201,,Will be ordering about 74 bikes this year.,,,,,,58364,1,1,12,21,42,45
James Thomas,Retirement Activities Association,,Default Value,,,,,,,,555-0126,,,,,,,,,,,,,,,,,,,,,,,,,"$30,000.00 ",Fort Wayne,U.S.,First name Last name,6/26/2007 11:50,,16 bikes this year.,,Allow,Allow,Allow,Allow,someone@example.com,,,,"1,200.00",,James,,Entertainment Retail,Owner,,Thomas,Advertisement,R.,,First name Last name,6/26/2007 11:50,8,,Patricia San Juan,,Mail,,Hot,,Mr.,Yes,,,IN,Open,New,4567 Iron Road,,,Will be ordering about 16 bikes this year.,,,,,,67051,1,1,12,21,42,45
Ingrid Burkhardt,Bike Universe,,Default Value,,,,,,,,555-0135,,,,,,,,,,,,,,,,,,,,,,,,,"$100,000.00 ",Round Rock,U.S.,First name Last name,6/26/2007 11:50,,Entered our bike give-away marketing contest.,,Allow,Allow,Allow,Allow,someone@example.com,,,,"36,000.00",,Ingrid,,Entertainment Retail,Purchasing Manager,,Burkhardt,Other,K.,,First name Last name,6/26/2007 11:50,28,,Gail Erickson,,Mail,,Cold,,Ms.,Yes,,,TX,Qualified,Qualified,56789 Bright Road,,,Interested in 14 mountain bikes.,,,,,,98928,1,3,13,21,42,45
Hung-Fu Ting,Mobile Outlet,,Default Value,,,,,,,,555-0167,,,,,,,,,,,,,,,,,,,,,,,,,"$80,000.00 ",Fort Worth,U.S.,First name Last name,6/26/2007 11:50,,Referred by one of Adventure Works employees.,,Allow,Allow,Allow,Allow,someone@example.com,,,,"11,500.00",,Hung-Fu,,Entertainment Retail,Owner,,Ting,Employee Referral,,,First name Last name,6/26/2007 11:50,10,,Alan Jackson,,E-mail,,Warm,,Mr.,Yes,,,TX,Qualified,Qualified,5678 Liberty Road,,,10 road and touring bikes.,,,,,,96424,0,10,14,21,42,45
Helge Hoeing,Little Bicycle Supply Shop,,Default Value,,,,,,,,555-1010,,,,,,,,,,,,,,,,,,,,,,,,,"$30,000.00 ",Camarillo,U.S.,First name Last name,6/26/2007 11:50,,Advertising campaign lead,,Do Not Allow,Allow,Allow,Allow,someone@example.com,,,,"32,000.00",,Helge,,Entertainment Retail,Owner,,Hoeing,Other,,,First name Last name,6/26/2007 11:50,6,,Alan Jackson,,Mail,,Hot,,Ms.,Yes,,,CA,Open,New,2345 7th Blvd South,,,Mailed an interest card back for road bikes,,,,,,20436,0,10,14,21,42,45
Hannah Arakawa,Leading Bike Distributors,,Default Value,,,,,,,,555-1010,,,,,,,,,,,,,,,,,,,,,,,,,"$80,000.00 ",Daleville,U.S.,First name Last name,6/26/2007 11:50,,Entered our bike give-away marketing contest.,,Allow,Allow,Allow,Allow,someone@example.com,,,,"36,000.00",,Hannah,,Entertainment Retail,Purchasing Manager,,Arakawa,Other,R.,,First name Last name,6/26/2007 11:50,13,,Jose Curry,,E-mail,,Cold,,Ms.,Yes,,,IN,Qualified,Qualified,Praire Mall Center,,,Follow up with spec sheets,,,,,,57457,0,10,29,21,42,45
H. Valentine,Recreation Supplies,,Default Value,,,,,,,,555-0104,,,,,,,,,,,,,,,,,,,,,,,,,"$80,000.00 ",Dallas,U.S.,First name Last name,6/26/2007 11:50,,Entered our bike give-away marketing contest.,,Allow,Allow,Allow,Allow,someone@example.com,,,,"18,000.00",,H.,,Entertainment Retail,Owner,,Valentine,Other,Brian,,First name Last name,6/26/2007 11:50,18,,Jose Curry,,Any,,Cold,,Mr.,Yes,,,TX,Qualified,Qualified,789 Henry Avenue,,,Likes our universal fit helmet,,,,,,95626,0,11,29,21,42,45
Greg Johnson,Optimal Bikes,,Default Value,,,,,,,,555-0189,,,,,,,,,,,,,,,,,,,,,,,,,"$30,000.00 ",El Segundo,U.S.,First name Last name,6/26/2007 11:50,,Referred by one of Adventure Works employees.,,Allow,Allow,Allow,Allow,someone@example.com,,,,"11,500.00",,Greg,,Entertainment Retail,Owner,,Johnson,Employee Referral,M.,,First name Last name,6/26/2007 11:50,8,,Patricia San Juan,,Fax,,Warm,,Mr.,Yes,,,CA,Open,New,2345 Cloud Blvd North,,,10 mountain bikes,,,,,,20159,1,0,23,21,42,45
Grant Culbertson,Handy Bike Services,,Default Value,,,,,,,,555-0172,,,,,,,,,,,,,,,,,,,,,,,,,"$300,000.00 ",Newark,U.S.,First name Last name,6/26/2007 11:50,,Found us on the web,,Allow,Allow,Allow,Allow,someone@example.com,,,,"76,500.00",,Grant,,Entertainment Retail,Purchasing Assistant,,Culbertson,Web,,,First name Last name,6/26/2007 11:50,88,,Patricia San Juan,,E-mail,,Warm,,Mr.,Yes,,,CA,Open,New,4567 Abraham Drive,,,They have an on-line store only for mountain bikes,,,,,,20591,1,3,13,21,42,45
Gladys Mendiola,Curbside Sporting Goods,,Default Value,,,,,,,,555-0194,,,,,,,,,,,,,,,,,,,,,,,,,"$80,000.00 ",Westminster,U.S.,First name Last name,6/26/2007 11:50,,Entered our bike give-away marketing contest.,,Allow,Allow,Allow,Allow,someone@example.com,,,,"36,000.00",,Gladys,,Entertainment Retail,Purchasing Manager,,Mendiola,Other,F.,,First name Last name,6/26/2007 11:50,10,,Gail Erickson,,Fax,,Cold,,Ms.,Yes,,,CO,Disqualified,Lost,67891 East Street,,,Good prospect for frames,,,,,,10027,1,3,13,21,42,45
Gabriele Cannata,The Cracker Box,,Default Value,,,,,,,,555-0145,,,,,,,,,,,,,,,,,,,,,,,,,"$300,000.00 ",Dallas,U.S.,First name Last name,6/26/2007 11:50,,Advertising campaign lead,,Do Not Allow,Allow,Do Not Allow,Allow,someone@example.com,,,,"96,000.00",,Gabriele,,Entertainment Retail,Purchasing Assistant,,Cannata,Other,,,First name Last name,6/26/2007 11:50,84,,Alan Jackson,,E-mail,,Hot,,Ms.,Yes,,,TX,Qualified,Qualified,789123 NE 76TH ST,,,25-30 Road Bikes next quarter,,,,,,20940,1,3,13,21,42,45
Frank Lee,Trailblazing Sports,,Default Value,,,,,,,,555-0158,,,,,,,,,,,,,,,,,,,,,,,,,"$300,000.00 ",Vista,U.S.,First name Last name,6/26/2007 11:50,,Found us on the web,,Allow,Allow,Allow,Allow,someone@example.com,,,,"76,500.00",,Frank,,Entertainment Retail,Purchasing Assistant,,Lee,Web,,,First name Last name,6/26/2007 11:50,91,,Gail Erickson,,Any,,Warm,,Mr.,Yes,,,CA,Open,New,NORTH COUNTY SQUARE,Urban Mall,,They have an on-line store only for mountain bikes,,,,,,20343,1,3,13,21,42,45
Francois Ajenstat,Great Bikes,,Default Value,,,,,,,,555-0134,,,,,,,,,,,,,,,,,,,,,,,,,"$30,000.00 ",Phoenix,U.S.,First name Last name,6/26/2007 11:50,,Advertising campaign lead,,Do Not Allow,Allow,Allow,Allow,someone@example.com,,,,"32,000.00",,Francois,,Entertainment Retail,Owner,,Ajenstat,Other,,,First name Last name,6/26/2007 11:50,3,,Gail Erickson,,Any,,Hot,,Mr.,Yes,,,AZ,Open,New,4321 76th Ave SE,,,Mailed an interest card back for road bikes,,,,,,10526,0,10,29,21,42,45
Forrest Chand,Fitness Cycling,,Default Value,,,,,,,,555-0119,,,,,,,,,,,,,,,,,,,,,,,,,"$80,000.00 ",Fullerton,U.S.,First name Last name,6/26/2007 11:50,,Referred by one of Adventure Works employees.,,Allow,Allow,Allow,Allow,someone@example.com,,,,"11,500.00",,Forrest,,Entertainment Retail,Owner,,Chand,Employee Referral,J.,,First name Last name,6/26/2007 11:50,16,,Gail Erickson,,Fax,,Warm,,Mr.,Yes,,,CA,Open,New,321 Sun Road,,,27 mountain bikes,,,,,,10295,0,10,29,21,42,45
Edna Benson,Unsurpassed Bikes,,Default Value,,,,,,,,555-0141,,,,,,,,,,,,,,,,,,,,,,,,,"$150,000.00 ",Fontana,U.S.,First name Last name,6/26/2007 11:50,,Advertising campaign lead,,Do Not Allow,Allow,Allow,Allow,someone@example.com,,,,"64,000.00",,Edna,,Entertainment Retail,Purchasing Manager,,Benson,Other,J.,,First name Last name,6/26/2007 11:50,32,,Jose Curry,,Any,,Hot,,Ms.,Yes,,,CA,Open,New,777 100th AVE,,,Mailed an interest card back for road bikes,,,,,,20368,0,11,29,21,42,45
Dorothy Fox,Cash and Carry Bikes,,Default Value,,,,,,,,555-0128,,,,,,,,,,,,,,,,,,,,,,,,,"$150,000.00 ",Dallas,U.S.,First name Last name,6/26/2007 11:50,,Found us on the web,,Allow,Allow,Allow,Allow,someone@example.com,,,,"51,000.00",,Dorothy,,Entertainment Retail,Purchasing Manager,,Fox,Web,J.,,First name Last name,6/26/2007 11:50,45,,Alan Jackson,,Phone,,Warm,,Ms.,Yes,,,TX,Qualified,Qualified,500 Oak Street,,,Exclusively Touring bikes; may order caps or water bottles as a promo.,,,,,,95486,1,0,23,21,42,45
Doris Traube,Bike Products and Accessories,,Default Value,,,,,,,,555-0199,,,,,,,,,,,,,,,,,,,,,,,,,"$80,000.00 ",Upland,U.S.,First name Last name,6/26/2007 11:50,,Entered our bike give-away marketing contest.,,Allow,Allow,Allow,Allow,someone@example.com,,,,"18,000.00",,Doris,,Entertainment Retail,Owner,,Traube,Other,J.,,First name Last name,6/26/2007 11:50,14,,Patricia San Juan,,Fax,,Cold,,Ms.,Yes,,,CA,Open,New,7th Avenue and Lakewood Drive,,,Good prospect for frames,,,,,,10190,1,1,22,21,42,45
Donald Thompson,Trendy Department Stores,,Default Value,,,,,,,,555-0135,,,,,,,,,,,,,,,,,,,,,,,,,"$30,000.00 ",Norwood,U.S.,First name Last name,6/26/2007 11:50,,10 bikes this year.,,Allow,Allow,Allow,Allow,someone@example.com,,,,"1,200.00",,Donald,,Entertainment Retail,Owner,,Thompson,Advertisement,M.,,First name Last name,6/26/2007 11:50,5,,Gail Erickson,,Fax,,Hot,,Mr.,Yes,,,MA,Open,New,890 High Tech Drive,,,Will be ordering about 10 bikes this year.,,,,,,22308,0,10,14,21,42,45
Deanna Meyer,Cycles and Scooters,,Default Value,,,,,,,,555-0141,,,,,,,,,,,,,,,,,,,,,,,,,"$150,000.00 ",Jefferson City,U.S.,First name Last name,6/26/2007 11:50,,Referred by one of Adventure Works employees.,,Allow,Allow,Allow,Allow,someone@example.com,,,,"23,000.00",,Deanna,,Entertainment Retail,Purchasing Manager,,Meyer,Employee Referral,,,First name Last name,6/26/2007 11:50,33,,Patricia San Juan,,E-mail,,Warm,,Ms.,Yes,,,MO,Open,New,678 ROBINSON ROAD,,,50 mountain bikes,,,,,,85347,-1,9,30,12,0,0
David Johnson,Sure and Reliable Sporting Goods,,Default Value,,,,,,,,555-0149,,,,,,,,,,,,,,,,,,,,,,,,,"$80,000.00 ",Saint Louis,U.S.,First name Last name,6/26/2007 11:50,,34 bikes this year.,,Allow,Allow,Allow,Allow,someone@example.com,,,,"1,200.00",,David,,Entertainment Retail,Owner,,Johnson,Advertisement,,,First name Last name,6/26/2007 11:50,17,,Gail Erickson,,Fax,,Hot,,Mr.,Yes,,,MO,Open,New,800 Madison Drive,Ste 9,,Will be ordering about 34 bikes this year.,,,,,,83385,0,11,29,21,42,45
David Hodgson,Good Toys,,Default Value,,,,,,,,555-0127,,,,,,,,,,,,,,,,,,,,,,,,,"$30,000.00 ",Seattle,U.S.,First name Last name,6/26/2007 11:50,,Advertising campaign lead,,Do Not Allow,Allow,Allow,Allow,someone@example.com,,,,"32,000.00",,David,,Entertainment Retail,Owner,,Hodgson,Other,,,First name Last name,6/26/2007 11:50,5,,Gail Erickson,,E-mail,,Hot,,Mr.,Yes,,,WA,Disqualified,Lost,42 Englewood Road,,,Mailed an interest card back for road bikes,,,,,,20947,0,10,14,21,42,45
Darren Gehring,Journey Sporting Goods,,Default Value,,,,,,,,555-0153,,,,,,,,,,,,,,,,,,,,,,,,,"$80,000.00 ",Bellevue,U.S.,First name Last name,6/26/2007 11:50,,Advertising campaign lead,,Do Not Allow,Allow,Allow,Allow,someone@example.com,,,,"32,000.00",,Darren,,Entertainment Retail,Owner,,Gehring,Other,,,First name Last name,6/26/2007 11:50,13,,Alan Jackson,,Any,,Hot,,Mr.,Yes,,,WA,Open,New,5431 180th Ave SW,,,Mailed an interest card back for road bikes,,,,,,20935,-1,9,14,12,0,0
Daniel Thompson,Travel Sports,,Default Value,,,,,,,,555-1010,,,,,,,,,,,,,,,,,,,,,,,,,"$80,000.00 ",Vacaville,U.S.,First name Last name,6/26/2007 11:50,,Advertising campaign lead,,Do Not Allow,Allow,Allow,Allow,someone@example.com,,,,"32,000.00",,Daniel,,Entertainment Retail,Owner,,Thompson,Other,P.,,First name Last name,6/26/2007 11:50,17,,Gail Erickson,,Mail,,Hot,,Mr.,Yes,,,CA,Open,New,12345 Main Street Way,,,Mailed an interest card back for road bikes,,,,,,20704,0,10,29,21,42,45
Connie Coffman,Discount Bicycle Specialists,,Default Value,,,,,,,,555-0193,,,,,,,,,,,,,,,,,,,,,,,,,"$100,000.00 ",Fort Worth,U.S.,First name Last name,6/26/2007 11:50,,Referred by one of Adventure Works employees.,,Allow,Allow,Allow,Allow,someone@example.com,,,,"23,000.00",,Connie,,Entertainment Retail,Purchasing Manager,,Coffman,Employee Referral,L.,,First name Last name,6/26/2007 11:50,28,,Jose Curry,,E-mail,,Warm,,Ms.,Yes,,,TX,Qualified,Qualified,89 Armadillo Road,,,31 less expensive road bikes,,,,,,96424,0,11,29,21,42,45
Cindy Dodd,Tailspin Toys,,Default Value,,,,,,,,555-0137,,,,,,,,,,,,,,,,,,,,,,,,,"$30,000.00 ",Randolph,U.S.,First name Last name,6/26/2007 11:50,,Yellow Pages,,Allow,Allow,Allow,Allow,someone@example.com,,,,"22,000.00",,Cindy,,Entertainment Retail,Owner,,Dodd,Other,M.,,First name Last name,6/26/2007 11:50,8,,Gail Erickson,,E-mail,,Warm,,Ms.,Yes,,,MA,Qualified,Qualified,58 Adams DR.,,,4 touring bikes.,,,,,,43935,-1,10,0,12,0,0
Chris Bidelman,Front-runner Bikes,,Default Value,,,,,,,,555-0130,,,,,,,,,,,,,,,,,,,,,,,,,"$300,000.00 ",Troutdale,U.S.,First name Last name,6/26/2007 11:50,,174 bikes this year.,,Allow,Allow,Allow,Allow,someone@example.com,,,,"3,600.00",,Chris,,Entertainment Retail,Purchasing Assistant,,Bidelman,Advertisement,N.,,First name Last name,6/26/2007 11:50,87,,Patricia San Juan,,Any,,Hot,,Mr.,Yes,,,OR,Open,New,7856 Quartz Road,,,Will be ordering about 174 bikes this year.,,,,,,20841,1,1,12,21,42,45
Cheryl Herring,Small Bike Shop,,Default Value,,,,,,,,555-0180,,,,,,,,,,,,,,,,,,,,,,,,,"$80,000.00 ",Mobile,U.S.,First name Last name,6/26/2007 11:50,,Entered our bike give-away marketing contest.,,Allow,Allow,Allow,Allow,someone@example.com,,,,"18,000.00",,Cheryl,,Entertainment Retail,Owner,,Herring,Other,M.,,First name Last name,6/26/2007 11:50,19,,Gail Erickson,,Mail,,Cold,,Ms.,Yes,,,AL,Open,New,3456 Airport Roadway,,,Good prospect for frames,,,,,,20366,1,1,12,21,42,45
Charles Christensen,Bike Rims Company,,Default Value,,,,,,,,555-0135,,,,,,,,,,,,,,,,,,,,,,,,,"$300,000.00 ",Eureka,U.S.,First name Last name,6/26/2007 11:50,,Referred by one of Adventure Works employees.,,Allow,Allow,Allow,Allow,someone@example.com,,,,"34,500.00",,Charles,,Entertainment Retail,Purchasing Assistant,,Christensen,Employee Referral,M.,,First name Last name,6/26/2007 11:50,97,,Patricia San Juan,,E-mail,,Warm,,Mr.,Yes,,,CA,Open,New,100 SHORE MALL,Suite 6789,,100 mountain bikes,,,,,,10562,1,3,13,21,42,45
Caroline Vicknair,Wide World Importers,,Default Value,,,,,,,,555-0138,,,,,,,,,,,,,,,,,,,,,,,,,"$80,000.00 ",Santa Fe,U.S.,First name Last name,6/26/2007 11:50,,Referred by one of Adventure Works employees.,,Allow,Allow,Allow,Allow,someone@example.com,,,,"11,500.00",,Caroline,,Entertainment Retail,Owner,,Vicknair,Employee Referral,A.,,First name Last name,6/26/2007 11:50,17,,Jose Curry,,Any,,Warm,,Ms.,Yes,,,NM,Qualified,Qualified,100 SE Rock STREET,,,Mountain bikes and road bikes; maybe clothing.,,,,,,20940,1,3,13,21,42,45
Carol Brink,Outdoor Distributors,,Default Value,,,,,,,,555-0150,,,,,,,,,,,,,,,,,,,,,,,,,"$150,000.00 ",New York,U.S.,First name Last name,6/26/2007 11:50,,78 bikes this year.,,Allow,Allow,Allow,Allow,someone@example.com,,,,"2,400.00",,Carol,,Entertainment Retail,Purchasing Manager,,Brink,Advertisement,J.,,First name Last name,6/26/2007 11:50,39,,Patricia San Juan,,Fax,,Hot,,Ms.,Yes,,,NY,Open,New,900 West Plain Avenue,,,Will be ordering about 78 bikes this year.,,,,,,23984,0,10,14,21,42,45
Brian Johnson,Extras Sporting Goods,,Default Value,,,,,,,,555-0124,,,,,,,,,,,,,,,,,,,,,,,,,"$30,000.00 ",Camarillo,U.S.,First name Last name,6/26/2007 11:50,,4 bikes this year.,,Allow,Allow,Allow,Allow,someone@example.com,,,,"1,200.00",,Brian,,Entertainment Retail,Owner,,Johnson,Advertisement,,,First name Last name,6/26/2007 11:50,2,,Jose Curry,,Any,,Hot,,Mr.,Yes,,,CA,Open,New,Fenton Highway North,,,Will be ordering about 4 bikes this year.,,,,,,20436,0,10,29,21,42,45
Brannon Jones,New and Used Bicycles,,Default Value,,,,,,,,555-0167,,,,,,,,,,,,,,,,,,,,,,,,,"$80,000.00 ",Wood Dale,U.S.,First name Last name,6/26/2007 11:50,,Advertising campaign lead,,Do Not Allow,Allow,Allow,Allow,someone@example.com,,,,"32,000.00",,Brannon,,Entertainment Retail,Owner,,Jones,Other,,,First name Last name,6/26/2007 11:50,18,,Jose Curry,,E-mail,,Hot,,Mr.,Yes,,,IL,Qualified,Qualified,6543 Angle Road,,,Very likely will order 18 Road bikes,,,,,,80437,0,10,29,21,42,45
Bonnie Lepro,More Bikes!,,Default Value,,,,,,,,555-0135,,,,,,,,,,,,,,,,,,,,,,,,,"$300,000.00 ",AU.S.tin,U.S.,First name Last name,6/26/2007 11:50,,Yellow Pages,,Allow,Allow,Allow,Allow,someone@example.com,,,,"66,000.00",,Bonnie,,Entertainment Retail,Purchasing Assistant,,Lepro,Other,B.,,First name Last name,6/26/2007 11:50,97,,Gail Erickson,,Any,,Warm,,Ms.,Yes,,,TX,Open,New,234 75th Ave West,,,New store opened this year - follow up,,,,,,98967,0,10,29,21,42,45
Bernard Duerr,Lease-a-Bike Shop,,Default Value,,,,,,,,555-0139,,,,,,,,,,,,,,,,,,,,,,,,,"$300,000.00 ",Millington,U.S.,First name Last name,6/26/2007 11:50,,Found us on the web,,Allow,Allow,Allow,Allow,someone@example.com,,,,"76,500.00",,Bernard,,Entertainment Retail,Purchasing Assistant,,Duerr,Web,,,First name Last name,6/26/2007 11:50,67,,Patricia San Juan,,Any,,Warm,,Mr.,Yes,,,TN,Open,New,555 Southwest Morris Road,,,They have an on-line store only for mountain bikes,,,,,,58299,0,11,29,21,42,45
Barry Johnson,Sample Bike Store,,Default Value,,,,,,,,555-0153,,,,,,,,,,,,,,,,,,,,,,,,,"$30,000.00 ",Seattle,U.S.,First name Last name,6/26/2007 11:50,,Referred by one of Adventure Works employees.,,Allow,Allow,Do Not Allow,Allow,someone@example.com,,,,"11,500.00",,Barry,,Entertainment Retail,Owner,,Johnson,Employee Referral,,,First name Last name,6/26/2007 11:50,5,,Jose Curry,,Any,,Warm,,Mr.,Yes,,,WA,Disqualified,Lost,5 James Avenue,,,10 mountain bikes,,,,,,20947,0,10,29,21,42,45
Andrew Cencini,Sports Merchandise,,Default Value,,,,,,,,555-0132,,,,,,,,,,,,,,,,,,,,,,,,,"$300,000.00 ",La Vergne,U.S.,First name Last name,6/26/2007 11:50,,Yellow Pages,,Allow,Allow,Allow,Allow,someone@example.com,,,,"66,000.00",,Andrew,,Entertainment Retail,Purchasing Assistant,,Cencini,Other,,,First name Last name,6/26/2007 11:50,83,,Gail Erickson,,Any,,Warm,,Mr.,Yes,,,TN,Open,New,234 Washington Blvd,,,New store opened this year - follow up,,,,,,57332,0,11,29,21,42,45
Alvin Torre,The Cycle Store,,Default Value,,,,,,,,555-0145,,,,,,,,,,,,,,,,,,,,,,,,,"$80,000.00 ",Indianapolis,U.S.,First name Last name,6/26/2007 11:50,,Yellow Pages,,Allow,Allow,Allow,Allow,someone@example.com,,,,"22,000.00",,Alvin,,Entertainment Retail,Owner,,Torre,Other,J.,,First name Last name,6/26/2007 11:50,16,,Alan Jackson,,Any,,Warm,,Mr.,Yes,,,IN,Qualified,Qualified,6789 Main St.,,,32 bikes of all types.,,,,,,56373,0,11,29,21,42,45
Alan Brewer,Lots of Bikes Storehouse,,Default Value,,,,,,,,555-0192,,,,,,,,,,,,,,,,,,,,,,,,,"$300,000.00 ",Campbellsville,U.S.,First name Last name,6/26/2007 11:50,,Entered our bike give-away marketing contest.,,Allow,Allow,Allow,Allow,someone@example.com,,,,"54,000.00",,Alan,,Entertainment Retail,Purchasing Assistant,,Brewer,Other,,,First name Last name,6/26/2007 11:50,76,,Jose Curry,,Fax,,Cold,,Mr.,Yes,,,KY,Qualified,Qualified,123 N. America Ave,,,Contact in 30 days,,,,,,62964,0,10,14,21,42,45
Adrian Dumitrascu,Active Cycling,,Default Value,,,,,,,,555-0169,,,,,,,,,,,,,,,,,,,,,,,,,"$300,000.00 ",Dallas,U.S.,First name Last name,6/26/2007 11:50,,Lead from the Houston Bicycle Show,,Allow,Do Not Allow,Allow,Allow,someone@example.com,,,,"84,000.00",,Adrian,,Entertainment Retail,Purchasing Assistant,,Dumitrascu,External Referral,,,First name Last name,6/26/2007 11:50,73,,Alan Jackson,,Mail,,Cold,,Sr.,Yes,,,TX,Qualified,Qualified,100 Red Oak Lane,,,May order 75 Road bikes this year.,,,,,,20313,0,10,14,21,42,45
Abraham Swearengin,Wheel Gallery,,Default Value,,,,,,,,555-0162,,,,,,,,,,,,,,,,,,,,,,,,,"$300,000.00 ",Fort Wayne,U.S.,First name Last name,6/26/2007 11:50,,180 bikes this year.,,Allow,Allow,Allow,Allow,someone@example.com,,,,"3,600.00",,Abraham,,Entertainment Retail,Purchasing Assistant,,Swearengin,Advertisement,L.,,First name Last name,6/26/2007 11:50,90,,Gail Erickson,,E-mail,,Hot,,Mr.,Yes,,,IN,Open,New,456 200th St.,,,Will be ordering about 180 bikes this year.,,,,,,67051,0,11,29,21,42,45
Aaron Con,Wholesale Bikes,,Default Value,,,,,,,,555-0171,,,,,,,,,,,,,,,,,,,,,,,,,"$100,000.00 ",Cedar City,U.S.,First name Last name,6/26/2007 11:50,,Advertising campaign lead,,Do Not Allow,Allow,Allow,Allow,someone@example.com,,,,"64,000.00",,Aaron,,Entertainment Retail,Purchasing Manager,,Con,Other,,,First name Last name,6/26/2007 11:50,27,,Patricia San Juan,,Any,,Hot,,Mr.,Yes,,,UT,Open,New,5667 S. MAIN,Hiway Mall,,Mailed an interest card back for road bikes,,,,,,10496,0,1,2,10,0,0
